,Area,BHK,Bathroom,Locality,Price,Price_per_sqft
0,800.0,3,2.0,Rohini Sector 25,6500000,8125.0
1,750.0,2,2.0,"J R Designers Floors, Rohini Sector 24",5000000,6666.666666666667
2,950.0,2,2.0,other,15500000,16315.78947368421
3,600.0,2,2.0,Rohini Sector 24,4200000,7000.0
4,650.0,2,2.0,other,6200000,9538.461538461539
5,1300.0,4,3.0,Rohini Sector 24,15500000,11923.076923076924
6,1350.0,4,3.0,Rohini Sector 24,10000000,7407.407407407408
7,650.0,2,2.0,other,4000000,6153.846153846154
8,985.0,3,3.0,other,6800000,6903.553299492386
9,1300.0,4,4.0,Rohini Sector 22,15000000,11538.461538461539
10,1100.0,3,2.0,Rohini Sector 20,6200000,5636.363636363636
11,870.0,3,2.0,Rohini Sector 25,7700000,8850.574712643678
12,630.0,2,2.0,Rohini Sector 24,5500000,8730.15873015873
13,660.0,2,2.0,Rohini Sector 24,5000000,7575.757575757576
14,344.4448,2,2.0,other,3310000,9609.667499698066
15,660.0,2,2.0,other,4700000,7121.212121212121
16,550.0,2,2.0,Rohini Sector 22,4500000,8181.818181818182
17,1100.0,4,3.0,other,17000000,15454.545454545454
18,1150.0,3,3.0,other,25000000,21739.130434782608
19,650.0,2,2.0,Rohini Sector 24,6000000,9230.76923076923
20,850.0,2,2.0,other,11000000,12941.176470588236
21,900.0,3,2.0,other,4500000,5000.0
22,430.556,1,1.0,other,5300000,12309.664712604168
23,900.0,2,2.0,other,10500000,11666.666666666666
24,914.9315,2,2.0,other,12000000,13115.735986792453
25,1100.0,3,3.0,Rohini Sector 20,7000000,6363.636363636364
26,800.0,3,2.0,Rohini Sector 25,7000000,8750.0
27,500.0,1,1.0,other,3400000,6800.0
28,28.0,2,2.0,Rohini Sector 25,5000000,178571.42857142858
29,2160.0,4,4.0,other,21000000,9722.222222222223
31,800.0,2,2.0,Lajpat Nagar 1,15000000,18750.0
32,900.0,2,2.0,Lajpat Nagar,10500000,11666.666666666666
33,1080.0,3,2.0,"Vikram Vihar, Lajpat Nagar",22500000,20833.333333333332
34,750.0,2,2.0,other,13600000,18133.333333333332
35,1450.0,3,3.0,Lajpat Nagar 3,30000000,20689.655172413793
36,900.0,2,2.0,Lajpat Nagar,13500000,15000.0
37,810.0,2,2.0,other,8910000,11000.0
38,1350.0,3,4.0,Lajpat Nagar,25000000,18518.51851851852
39,1710.0,3,3.0,Lajpat Nagar 2,26000000,15204.678362573099
40,1650.0,3,3.0,Lajpat Nagar,30000000,18181.81818181818
41,1280.0,2,2.0,Lajpat Nagar,12500000,9765.625
42,1260.0,3,3.0,Lajpat Nagar 3,21000000,16666.666666666668
43,1130.0,2,2.0,other,7800000,6902.654867256637
44,600.0,2,2.0,other,11500000,19166.666666666668
45,850.0,2,2.0,Lajpat Nagar 1,11500000,13529.411764705883
46,1500.0,3,3.0,Lajpat Nagar 2,26000000,17333.333333333332
47,900.0,2,2.0,other,13000000,14444.444444444445
48,1000.0,3,3.0,"Vikram Vihar, Lajpat Nagar",22000000,22000.0
49,900.0,2,2.0,Lajpat Nagar 2,15800000,17555.555555555555
50,2925.0,4,4.0,Lajpat Nagar 3,57500000,19658.119658119656
51,900.0,2,2.0,Lajpat Nagar 1,10000000,11111.111111111111
52,1600.0,3,3.0,Lajpat Nagar 3,30000000,18750.0
53,1143.0,3,3.0,"Vikram Vihar, Lajpat Nagar",22000000,19247.594050743657
54,1150.0,3,3.0,"Vikram Vihar, Lajpat Nagar",24000000,20869.565217391304
55,1500.0,3,3.0,Lajpat Nagar 3,31500000,21000.0
56,850.0,2,2.0,Lajpat Nagar 2,14600000,17176.470588235294
57,8000.0,4,5.0,Lajpat Nagar,240000000,30000.0
58,890.0,2,2.0,Lajpat Nagar 1,8300000,9325.842696629214
59,1100.0,3,3.0,"Vikram Vihar, Lajpat Nagar",22500000,20454.545454545456
60,750.0,1,1.0,other,4600000,6133.333333333333
61,850.0,2,1.0,"Siddhartha Heights, Dwarka Sector 24",1900000,2235.294117647059
62,1350.0,3,2.0,"MTNL Employees House Welfare Society, Dwarka Sector 24",5130000,3800.0
63,1387.0,4,4.0,"Delhi Homes Yojana, Dwarka Sector 24",5890000,4246.575342465753
64,1050.0,3,2.0,"The Elite Spire, Dwarka Sector 21",3700000,3523.809523809524
65,1500.0,3,2.0,"Kunj Vihar Apartment, Dwarka Sector 12",17400000,11600.0
66,1200.0,3,3.0,"Ashirwad Apartments, Dwarka Sector 12",15500000,12916.666666666666
67,700.0,2,1.0,"MTNL Employees House Welfare Society, Dwarka Sector 24",2400000,3428.5714285714284
68,1700.0,3,2.0,"Sunny Valley Apartments, Dwarka",17200000,10117.64705882353
69,1550.0,3,2.0,other,14200000,9161.290322580646
70,1400.0,3,3.0,other,13500000,9642.857142857143
71,1900.0,4,4.0,other,30000000,15789.473684210527
72,2160.0,4,3.0,other,21000000,9722.222222222223
73,1700.0,4,3.0,other,20500000,12058.823529411764
74,1850.0,3,4.0,other,24000000,12972.972972972973
75,1800.0,4,2.0,other,16500000,9166.666666666666
76,1620.0,3,2.0,other,14900000,9197.530864197532
77,1800.0,4,3.0,other,19200000,10666.666666666666
78,1540.0,3,3.0,other,14500000,9415.584415584415
79,1600.0,3,3.0,other,15600000,9750.0
80,1400.0,3,2.0,other,11400000,8142.857142857143
81,2300.0,4,4.0,other,31500000,13695.652173913044
82,1560.0,3,2.0,other,15800000,10128.205128205129
83,1500.0,3,3.0,other,16000000,10666.666666666666
84,1540.0,3,3.0,other,14500000,9415.584415584415
85,1050.0,2,2.0,other,10500000,10000.0
86,1800.0,3,2.0,other,14800000,8222.222222222223
87,400.0,1,1.0,other,1850000,4625.0
88,1150.0,3,2.0,other,6800000,5913.04347826087
89,1525.0,3,3.0,other,14200000,9311.475409836066
90,900.0,1,1.0,Lajpat Nagar 3,8900000,9888.888888888889
91,1450.0,3,3.0,Lajpat Nagar 3,37500000,25862.068965517243
92,1450.0,3,3.0,Lajpat Nagar 3,30000000,20689.655172413793
93,1260.0,3,3.0,Lajpat Nagar 3,21000000,16666.666666666668
94,2925.0,4,4.0,Lajpat Nagar 3,57500000,19658.119658119656
95,1710.0,3,3.0,Lajpat Nagar 3,30000000,17543.859649122805
96,1600.0,3,3.0,Lajpat Nagar 3,30000000,18750.0
97,1500.0,3,3.0,Lajpat Nagar 3,31500000,21000.0
98,2200.0,3,3.0,Lajpat Nagar 3,30000000,13636.363636363636
99,1350.0,3,3.0,Lajpat Nagar 3,41500000,30740.74074074074
100,1710.0,3,3.0,Lajpat Nagar 3,24800000,14502.923976608186
101,1350.0,3,3.0,Lajpat Nagar 3,35000000,25925.925925925927
102,1500.0,3,3.0,Lajpat Nagar 3,40000000,26666.666666666668
103,2880.0,4,5.0,Lajpat Nagar 3,46000000,15972.222222222223
104,2700.0,4,4.0,Lajpat Nagar 3,55000000,20370.37037037037
105,1400.0,3,3.0,Lajpat Nagar 3,24500000,17500.0
106,1800.0,3,3.0,Lajpat Nagar 3,24500000,13611.111111111111
107,1400.0,3,3.0,Lajpat Nagar 3,32500000,23214.285714285714
108,1000.0,2,2.0,Lajpat Nagar 3,20000000,20000.0
109,8000.0,4,5.0,Lajpat Nagar,240000000,30000.0
110,1000.0,2,2.0,Lajpat Nagar 3,20000000,20000.0
111,1700.0,3,3.0,Lajpat Nagar 3,19000000,11176.470588235294
112,1600.0,3,3.0,Lajpat Nagar 3,26000000,16250.0
113,1350.0,3,3.0,Lajpat Nagar 3,21000000,15555.555555555555
114,1700.0,3,3.0,Lajpat Nagar 3,27500000,16176.470588235294
115,1400.0,3,3.0,Lajpat Nagar 3,32500000,23214.285714285714
116,1450.0,3,3.0,Lajpat Nagar 3,45000000,31034.48275862069
117,1350.0,3,3.0,Lajpat Nagar 3,21000000,15555.555555555555
118,1700.0,3,3.0,Lajpat Nagar 3,28000000,16470.58823529412
119,1600.0,3,3.0,Lajpat Nagar 3,29500000,18437.5
121,800.0,2,2.0,Lajpat Nagar 2,14000000,17500.0
122,1710.0,3,3.0,Lajpat Nagar 2,26000000,15204.678362573099
123,1350.0,2,2.0,Lajpat Nagar 2,12500000,9259.25925925926
124,1500.0,3,3.0,Lajpat Nagar 2,26000000,17333.333333333332
125,750.0,2,2.0,other,11500000,15333.333333333334
126,850.0,2,2.0,Lajpat Nagar 2,14600000,17176.470588235294
127,1575.0,3,3.0,Lajpat Nagar 2,25500000,16190.47619047619
128,1675.0,3,3.0,Lajpat Nagar 2,31000000,18507.462686567163
129,1350.0,3,3.0,Lajpat Nagar 2,22000000,16296.296296296296
130,900.0,2,2.0,Lajpat Nagar 2,13400000,14888.888888888889
131,1800.0,3,3.0,Lajpat Nagar 2,35000000,19444.444444444445
132,900.0,2,2.0,Lajpat Nagar 2,11000000,12222.222222222223
133,900.0,2,2.0,other,6300000,7000.0
134,900.0,2,2.0,Lajpat Nagar 2,12500000,13888.888888888889
135,800.0,2,2.0,Lajpat Nagar 2,14500000,18125.0
136,1100.0,2,3.0,Lajpat Nagar 2,22500000,20454.545454545456
137,810.0,2,2.0,Lajpat Nagar 2,15500000,19135.802469135804
138,1500.0,3,3.0,Lajpat Nagar 2,26000000,17333.333333333332
139,900.0,2,2.0,Lajpat Nagar 2,15800000,17555.555555555555
140,825.0,2,2.0,Lajpat Nagar 2,15000000,18181.81818181818
141,900.0,2,2.0,Lajpat Nagar 2,13000000,14444.444444444445
142,875.0,2,2.0,Lajpat Nagar 2,15000000,17142.85714285714
143,1350.0,3,3.0,Lajpat Nagar 2,25000000,18518.51851851852
144,750.0,2,2.0,Lajpat Nagar 2,16500000,22000.0
145,900.0,2,2.0,Lajpat Nagar 2,10300000,11444.444444444445
146,1350.0,3,3.0,Lajpat Nagar 2,26000000,19259.25925925926
147,900.0,2,2.0,Lajpat Nagar 2,11000000,12222.222222222223
148,1800.0,3,3.0,Lajpat Nagar 2,28500000,15833.333333333334
149,900.0,2,2.0,Lajpat Nagar 2,11000000,12222.222222222223
150,900.0,2,1.0,Budh Vihar,11000000,12222.222222222223
151,810.0,3,2.0,Budh Vihar,4500000,5555.555555555556
152,450.0,2,1.0,other,3600000,8000.0
153,100.0,3,2.0,Budh Vihar Phase 1,4300000,43000.0
154,900.0,3,2.0,Budh Vihar,4000000,4444.444444444444
155,500.0,2,2.0,Budh Vihar Phase 1,1650000,3300.0
156,450.0,1,1.0,Budh Vihar,2000000,4444.444444444444
157,75.0,2,2.0,Budh Vihar,3000000,40000.0
158,270.0,2,1.0,Budh Vihar Phase 1,1400000,5185.185185185185
159,500.0,2,1.0,Budh Vihar Phase 1,2000000,4000.0
160,444.0,2,2.0,Budh Vihar Phase 1,2000000,4504.504504504504
161,400.0,1,1.0,Budh Vihar,2000000,5000.0
162,729.0,3,4.0,Budh Vihar,2600000,3566.529492455418
163,4050.0,6,3.0,Budh Vihar Phase 1,5100000,1259.2592592592594
164,2400.0,6,4.0,other,6000000,2500.0
165,450.0,2,2.0,Budh Vihar,4000000,8888.888888888889
166,405.0,2,3.0,other,6200000,15308.641975308641
167,666.0,1,2.0,Budh Vihar Phase 1,3500000,5255.255255255255
168,1000.0,2,2.0,other,7600000,7600.0
169,1360.0,4,3.0,Rohini Sector 24,13500000,9926.470588235294
170,1550.0,4,3.0,Rohini Sector 24,12500000,8064.5161290322585
171,850.0,3,2.0,Rohini Sector 23,6500000,7647.058823529412
172,2170.0,4,4.0,Rohini Sector 23,22000000,10138.248847926267
173,720.0,3,2.0,Rohini Sector 23,6000000,8333.333333333334
174,850.0,3,2.0,Rohini Sector 23,7300000,8588.235294117647
175,950.0,3,2.0,Rohini Sector 23,7600000,8000.0
176,2300.0,4,4.0,Rohini Sector 23,20000000,8695.652173913044
177,1300.0,4,4.0,Rohini Sector 22,15000000,11538.461538461539
178,1100.0,3,2.0,Rohini Sector 20,6200000,5636.363636363636
179,1030.0,3,2.0,Rohini Sector 20,6200000,6019.417475728155
180,350.0,1,1.0,other,2300000,6571.428571428572
181,750.0,2,2.0,"J R Designers Floors, Rohini Sector 24",5000000,6666.666666666667
182,720.0,2,2.0,"J R Designers Floors, Rohini Sector 24",4700000,6527.777777777777
183,800.0,2,2.0,"J R Designers Floors, Rohini Sector 24",5500000,6875.0
184,350.0,1,1.0,"J R Designers Floors, Rohini Sector 24",2000000,5714.285714285715
185,980.0,3,2.0,"J R Designers Floors, Rohini Sector 24",7300000,7448.9795918367345
186,1600.0,4,3.0,"J R Designers Floors, Rohini Sector 24",13000000,8125.0
187,1450.0,3,3.0,"J R Designers Floors, Rohini Sector 24",11500000,7931.0344827586205
188,445.0,2,2.0,"J R Designers Floors, Rohini Sector 24",2800000,6292.134831460674
189,380.0,1,1.0,"J R Designers Floors, Rohini Sector 24",2200000,5789.473684210527
190,680.0,2,2.0,"J R Designers Floors, Rohini Sector 24",4400000,6470.588235294118
191,1600.0,3,3.0,"J R Designers Floors, Rohini Sector 24",13500000,8437.5
192,630.0,2,2.0,"J R Designers Floors, Rohini Sector 24",4100000,6507.936507936508
193,1500.0,3,2.0,"J R Designers Floors, Rohini Sector 24",12000000,8000.0
194,550.0,2,2.0,"J R Designers Floors, Rohini Sector 24",3500000,6363.636363636364
195,2500.0,4,3.0,"J R Designers Floors, Rohini Sector 24",15000000,6000.0
196,2800.0,5,4.0,"J R Designers Floors, Rohini Sector 24",17500000,6250.0
197,300.0,1,1.0,"J R Designers Floors, Rohini Sector 24",1900000,6333.333333333333
198,800.0,3,2.0,"J R Designers Floors, Rohini Sector 24",5500000,6875.0
199,1295.0,3,2.0,"J R Designers Floors, Rohini Sector 24",10000000,7722.007722007722
200,700.0,3,2.0,"J R Designers Floors, Rohini Sector 24",4700000,6714.285714285715
201,350.0,1,1.0,"J R Designers Floors, Rohini Sector 24",2400000,6857.142857142857
202,450.0,2,2.0,"J R Designers Floors, Rohini Sector 24",3800000,8444.444444444445
203,2200.0,4,4.0,"J R Designers Floors, Rohini Sector 24",23000000,10454.545454545454
204,2300.0,4,4.0,"J R Designers Floors, Rohini Sector 24",24500000,10652.173913043478
205,1150.0,3,2.0,"J R Designers Floors, Rohini Sector 24",10000000,8695.652173913044
206,800.0,3,2.0,"J R Designers Floors, Rohini Sector 24",5500000,6875.0
207,850.0,3,2.0,"J R Designers Floors, Rohini Sector 24",7000000,8235.29411764706
208,720.0,3,2.0,"J R Designers Floors, Rohini Sector 24",6500000,9027.777777777777
209,4688.0,5,4.0,"The Leela Sky Villas, Patel Nagar",135000000,28796.92832764505
210,750.0,2,2.0,"J R Designers Floors, Rohini Sector 24",5000000,6666.666666666667
211,3901.0,4,4.0,"The Leela Sky Villas, Patel Nagar",93000000,23840.041015124327
212,950.0,3,2.0,"Uttam Nagar Floors, Uttam Nagar",4370000,4600.0
213,1000.0,3,2.0,"Virat Residency, Dwarka Mor",4620000,4620.0
214,850.0,2,1.0,"Siddhartha Heights, Dwarka Sector 24",1900000,2235.294117647059
215,2400.0,4,4.0,other,70000000,29166.666666666668
216,1350.0,3,2.0,"MTNL Employees House Welfare Society, Dwarka Sector 24",5130000,3800.0
217,540.0,2,2.0,"Adarsh Homes, Dwarka Mor",3000000,5555.555555555556
218,1387.0,4,4.0,"Delhi Homes Yojana, Dwarka Sector 24",5890000,4246.575342465753
219,540.0,2,2.0,"Kushwaha Homes, Uttam Nagar",3300000,6111.111111111111
220,976.0,2,2.0,"Godrej South Estate, Okhla",24900000,25512.29508196721
221,1050.0,3,2.0,"The Elite Spire, Dwarka Sector 21",3700000,3523.809523809524
222,2700.0,4,3.0,other,60000000,22222.222222222223
223,1500.0,3,2.0,"Kunj Vihar Apartment, Dwarka Sector 12",17400000,11600.0
224,2900.0,5,5.0,other,51000000,17586.206896551725
225,5025.0,5,6.0,other,170000000,33830.845771144275
226,1000.0,3,2.0,"Partap Homes, Bhagwati Vihar, Uttam Nagar",5510000,5510.0
227,1135.0,3,3.0,"The Amaryllis, Karol Bagh",25000000,22026.431718061674
228,2306.0,3,3.0,"The Leela Sky Villas, Patel Nagar",57000000,24718.12662619254
229,850.0,2,2.0,other,2940000,3458.823529411765
230,1200.0,3,3.0,"Ashirwad Apartments, Dwarka Sector 12",15500000,12916.666666666666
231,1700.0,3,2.0,"Sunny Valley Apartments, Dwarka",17200000,10117.64705882353
232,1800.0,4,3.0,other,55000000,30555.555555555555
233,1100.0,2,2.0,Vasant Kunj,15000000,13636.363636363636
234,22050.0,4,4.0,Greater Kailash 1,51000000,2312.925170068027
235,1550.0,4,3.0,Rohini Sector 24,13000000,8387.09677419355
236,1600.0,3,3.0,Greater Kailash 1,30000000,18750.0
237,700.0,2,2.0,other,2400000,3428.5714285714284
238,45.0,4,3.0,"Batla House, Okhla",5500000,122222.22222222222
239,3510.0,4,4.0,other,45000000,12820.51282051282
240,4500.0,4,4.0,New Friends Colony,60000000,13333.333333333334
241,1800.0,4,4.0,New Friends Colony,65000000,36111.11111111111
242,6000.0,5,5.0,"Maharani Bagh, New Friends Colony",220000000,36666.666666666664
243,4300.0,4,4.0,other,60000000,13953.488372093023
244,1700.0,3,3.0,"Friends Colony East, New Friends Colony",38500000,22647.058823529413
245,2500.0,3,3.0,"Maharani Bagh, New Friends Colony",50000000,20000.0
246,4500.0,4,4.0,New Friends Colony,75000000,16666.666666666668
247,2450.0,4,4.0,other,70000000,28571.428571428572
248,10350.0,4,7.0,"Maharani Bagh, New Friends Colony",160000000,15458.937198067633
249,4800.0,3,4.0,"Maharani Bagh, New Friends Colony",85000000,17708.333333333332
250,1600.0,3,3.0,New Friends Colony,40000000,25000.0
251,3500.0,4,4.0,New Friends Colony,90000000,25714.285714285714
252,2100.0,4,5.0,New Friends Colony,56000000,26666.666666666668
253,4200.0,5,5.0,"Friends Colony East, New Friends Colony",135500000,32261.904761904763
254,1500.0,3,3.0,New Friends Colony,60000000,40000.0
255,8150.0,4,5.0,"Maharani Bagh, New Friends Colony",170000000,20858.895705521474
256,2200.0,4,4.0,other,50000000,22727.272727272728
257,3500.0,4,5.0,New Friends Colony,58000000,16571.428571428572
258,2070.0,3,3.0,"Friends Colony East, New Friends Colony",37500000,18115.942028985508
259,3500.0,3,3.0,"Maharani Bagh, New Friends Colony",45000000,12857.142857142857
260,2000.0,4,4.0,New Friends Colony,70000000,35000.0
261,2800.0,6,4.0,other,29500000,10535.714285714286
262,2550.0,4,4.0,New Friends Colony,60000000,23529.41176470588
263,4500.0,4,4.0,New Friends Colony,70000000,15555.555555555555
264,1400.0,3,3.0,New Friends Colony,50000000,35714.28571428572
265,2800.0,4,5.0,New Friends Colony,75000000,26785.714285714286
266,2700.0,4,4.0,other,52500000,19444.444444444445
267,4500.0,4,4.0,New Friends Colony,55000000,12222.222222222223
268,7200.0,4,4.0,"Maharani Bagh, New Friends Colony",120000000,16666.666666666668
269,2799.0,4,4.0,"Kailash Colony, Greater Kailash",65000000,23222.579492675955
270,2650.0,4,4.0,"Kailash Colony, Greater Kailash",75000000,28301.88679245283
271,2200.0,4,4.0,"Kailash Colony, Greater Kailash",47500000,21590.909090909092
272,3500.0,5,5.0,"Kailash Colony, Greater Kailash",70000000,20000.0
273,2200.0,4,4.0,"Kailash Colony, Greater Kailash",47500000,21590.909090909092
274,2200.0,4,4.0,"Kailash Colony, Greater Kailash",40000000,18181.81818181818
275,3500.0,4,4.0,"Kailash Colony, Greater Kailash",85000000,24285.714285714286
276,1440.0,3,3.0,"Kailash Colony, Greater Kailash",26000000,18055.555555555555
277,3150.0,4,4.0,"Kailash Colony, Greater Kailash",35000000,11111.111111111111
278,900.0,2,2.0,"Kailash Colony, Greater Kailash",20000000,22222.222222222223
279,3690.0,4,5.0,"Kailash Colony, Greater Kailash",79000000,21409.214092140923
280,1200.0,3,2.0,"Kailash Colony, Greater Kailash",17000000,14166.666666666666
281,4500.0,4,4.0,"Kailash Colony, Greater Kailash",47500000,10555.555555555555
282,2799.0,4,4.0,"Kailash Colony, Greater Kailash",43000000,15362.629510539478
283,1350.0,3,3.0,"Kailash Colony, Greater Kailash",26000000,19259.25925925926
284,1200.0,3,3.0,"Kailash Colony, Greater Kailash",25000000,20833.333333333332
285,2177.0,4,5.0,"Kailash Colony, Greater Kailash",51000000,23426.734037666512
286,1500.0,3,3.0,"Kailash Colony, Greater Kailash",40000000,26666.666666666668
287,1600.0,3,3.0,"Kailash Colony, Greater Kailash",22500000,14062.5
288,4500.0,4,4.0,"Kailash Colony, Greater Kailash",70000000,15555.555555555555
289,2150.0,4,4.0,"Kailash Colony, Greater Kailash",45000000,20930.232558139534
290,2107.0,4,4.0,"Kailash Colony, Greater Kailash",51100000,24252.49169435216
291,1150.0,3,3.0,"Kailash Colony, Greater Kailash",25500000,22173.91304347826
292,1240.0,3,3.0,"Kailash Colony, Greater Kailash",26500000,21370.967741935485
293,1000.0,2,2.0,"Kailash Colony, Greater Kailash",15000000,15000.0
294,4500.0,4,4.0,"Kailash Colony, Greater Kailash",55000000,12222.222222222223
295,1150.0,3,3.0,"Kailash Colony, Greater Kailash",26000000,22608.695652173912
296,2000.0,4,4.0,"Kailash Colony, Greater Kailash",38000000,19000.0
297,4500.0,4,5.0,"Kailash Colony, Greater Kailash",72500000,16111.111111111111
298,3000.0,4,5.0,"Kailash Colony, Greater Kailash",65000000,21666.666666666668
299,700.0,2,2.0,other,4600000,6571.428571428572
300,750.0,2,2.0,other,9200000,12266.666666666666
301,1350.0,4,3.0,other,9500000,7037.037037037037
302,900.0,2,2.0,"Naveen Shahdara, Shahdara",4500000,5000.0
303,970.0,3,2.0,other,6500000,6701.030927835051
304,1000.0,3,2.0,other,5650000,5650.0
305,1425.0,3,3.0,"Naveen Shahdara, Shahdara",9300000,6526.315789473684
306,440.0,2,2.0,Shahdara,2700000,6136.363636363636
307,1017.0,2,2.0,other,6500000,6391.347099311701
308,650.0,2,2.0,other,5800000,8923.076923076924
309,950.0,3,2.0,Shahdara,5500000,5789.473684210527
310,810.0,3,2.0,"Yamuna Vihar, Shahdara",6000000,7407.407407407408
311,750.0,2,2.0,other,4500000,6000.0
312,990.0,2,2.0,Shahdara,4100000,4141.414141414141
313,800.0,3,2.0,other,3800000,4750.0
314,675.0,2,1.0,Shahdara,3300000,4888.888888888889
315,558.0,2,1.0,other,2900000,5197.132616487455
316,445.0,2,1.0,other,2000000,4494.38202247191
317,360.0,2,1.0,other,1550000,4305.555555555556
318,1350.0,4,3.0,other,11300000,8370.37037037037
319,850.0,3,2.0,other,4500000,5294.117647058823
320,846.0,2,1.0,other,3300000,3900.709219858156
321,1300.0,4,3.0,other,11500000,8846.153846153846
322,900.0,3,2.0,other,6000000,6666.666666666667
323,1050.0,3,2.0,other,9000000,8571.42857142857
324,850.0,2,2.0,other,4500000,5294.117647058823
325,1650.0,4,3.0,Shahdara,14000000,8484.848484848484
326,1150.0,2,2.0,other,7300000,6347.826086956522
327,495.1394,1,1.0,Shahdara,1900000,3837.3031917880094
328,1053.0,3,2.0,"Naveen Shahdara, Shahdara",7000000,6647.673314339981
329,810.0,3,2.0,"Yamuna Vihar, Shahdara",6000000,7407.407407407408
330,750.0,1,2.0,"Yamuna Vihar, Shahdara",6400000,8533.333333333334
331,540.0,2,1.0,"Yamuna Vihar, Shahdara",2700000,5000.0
332,747.0,2,2.0,"Yamuna Vihar, Shahdara",6500000,8701.472556894243
333,720.0,2,1.0,"Yamuna Vihar, Shahdara",4000000,5555.555555555556
334,376.7365,1,1.0,"Yamuna Vihar, Shahdara",3000000,7963.125420552562
335,1125.0,2,2.0,"Yamuna Vihar, Shahdara",5000000,4444.444444444444
336,713.0,2,2.0,"Yamuna Vihar, Shahdara",6000000,8415.14726507714
337,360.0,1,1.0,"Yamuna Vihar, Shahdara",2500000,6944.444444444444
338,900.0,2,2.0,"Yamuna Vihar, Shahdara",6500000,7222.222222222223
339,713.0,3,1.0,"Yamuna Vihar, Shahdara",8000000,11220.196353436186
340,504.0,2,1.0,"Yamuna Vihar, Shahdara",2700000,5357.142857142857
341,70.0,1,2.0,"Yamuna Vihar, Shahdara",4500000,64285.71428571428
342,850.0,3,2.0,"Yamuna Vihar, Shahdara",5700000,6705.882352941177
343,2430.0,4,3.0,"Yamuna Vihar, Shahdara",25000000,10288.0658436214
344,2475.0,3,3.0,"Yamuna Vihar, Shahdara",70000000,28282.828282828283
345,2970.0,7,4.0,"Yamuna Vihar, Shahdara",26500000,8922.558922558923
346,2250.0,3,2.0,"Yamuna Vihar, Shahdara",18500000,8222.222222222223
347,1500.0,5,3.0,"Yamuna Vihar, Shahdara",30000000,20000.0
348,1512.0,2,2.0,"Yamuna Vihar, Shahdara",22000000,14550.26455026455
349,400.0,2,2.0,other,9000000,22500.0
350,2160.0,3,3.0,"Yamuna Vihar, Shahdara",65000000,30092.59259259259
351,630.0,3,2.0,"Yamuna Vihar, Shahdara",22500000,35714.28571428572
352,324.0,6,3.0,"Yamuna Vihar, Shahdara",8700000,26851.85185185185
353,720.0,6,5.0,"Yamuna Vihar, Shahdara",22000000,30555.555555555555
354,675.0,4,2.0,"Yamuna Vihar, Shahdara",18500000,27407.40740740741
355,700.0,2,1.0,"Yamuna Vihar, Shahdara",16000000,22857.14285714286
356,675.0,4,3.0,"Yamuna Vihar, Shahdara",16000000,23703.703703703704
357,720.0,4,2.0,"Yamuna Vihar, Shahdara",9000000,12500.0
358,850.0,2,2.0,other,4500000,5294.117647058823
359,801.0,3,2.0,Laxmi Nagar,6000000,7490.63670411985
360,450.0,1,2.0,Laxmi Nagar,2700000,6000.0
361,1000.0,3,2.0,Laxmi Nagar,6500000,6500.0
362,990.0,3,2.0,Laxmi Nagar,4000000,4040.40404040404
363,420.0,2,1.0,Laxmi Nagar,2600000,6190.476190476191
364,450.0,2,1.0,Laxmi Nagar,3500000,7777.777777777777
365,1000.0,2,2.0,Laxmi Nagar,7500000,7500.0
366,900.0,3,2.0,Laxmi Nagar,7000000,7777.777777777777
367,800.0,3,2.0,Laxmi Nagar,4500000,5625.0
368,720.0,3,3.0,Laxmi Nagar,5500000,7638.888888888889
369,450.0,2,1.0,Laxmi Nagar,2700000,6000.0
370,675.0,2,2.0,Laxmi Nagar,2400000,3555.5555555555557
371,1700.0,4,3.0,Laxmi Nagar,11500000,6764.705882352941
372,550.0,2,2.0,"Guru Angad Nagar West, Laxmi Nagar",3600000,6545.454545454545
373,387.0,1,2.0,"Guru Angad Nagar West, Laxmi Nagar",1700000,4392.764857881137
374,450.0,2,1.0,other,2500000,5555.555555555556
375,900.0,4,2.0,Laxmi Nagar,6600000,7333.333333333333
376,500.0,2,1.0,Laxmi Nagar,3700000,7400.0
377,441.0,2,1.0,other,3500000,7936.507936507936
378,800.0,3,2.0,other,5400000,6750.0
379,450.0,2,2.0,other,2550000,5666.666666666667
380,1000.0,3,3.0,other,12500000,12500.0
381,715.0,2,2.0,Laxmi Nagar,5600000,7832.167832167832
382,600.0,2,2.0,Laxmi Nagar,7000000,11666.666666666666
383,540.0,2,1.0,Laxmi Nagar,3500000,6481.481481481482
384,312.0,4,4.0,other,35000000,112179.48717948717
385,810.0,3,2.0,Laxmi Nagar,9000000,11111.111111111111
386,270.0,1,1.0,"Guru Angad Nagar West, Laxmi Nagar",2300000,8518.518518518518
387,900.0,3,2.0,Laxmi Nagar,6000000,6666.666666666667
388,1000.0,3,2.0,Laxmi Nagar,6000000,6000.0
389,540.0,2,2.0,Uttam Nagar,2650000,4907.407407407408
390,950.0,3,2.0,"Uttam Nagar Floors, Uttam Nagar",4370000,4600.0
391,1000.0,3,2.0,"Virat Residency, Dwarka Mor",4620000,4620.0
392,540.0,2,2.0,"Adarsh Homes, Dwarka Mor",3000000,5555.555555555556
393,540.0,2,2.0,"Kushwaha Homes, Uttam Nagar",3300000,6111.111111111111
394,1000.0,3,2.0,"Partap Homes, Bhagwati Vihar, Uttam Nagar",5510000,5510.0
395,500.0,2,2.0,Dwarka Mor,3200000,6400.0
396,540.0,2,2.0,Uttam Nagar West,2600000,4814.814814814815
397,780.0,3,2.0,Uttam Nagar,4000000,5128.205128205128
398,450.0,2,1.0,Uttam Nagar West,1850000,4111.111111111111
399,360.0,1,1.0,Uttam Nagar,1700000,4722.222222222223
400,900.0,3,2.0,other,2800000,3111.1111111111113
401,495.0,2,2.0,Uttam Nagar West,2150000,4343.434343434344
402,1200.0,4,3.0,other,6800000,5666.666666666667
403,1000.0,3,2.0,Uttam Nagar,6200000,6200.0
404,620.0,2,2.0,Uttam Nagar,3100000,5000.0
405,680.0,3,2.0,Dwarka Mor,3400000,5000.0
406,805.0,2,2.0,other,4000000,4968.944099378882
407,729.0,2,2.0,other,4800000,6584.3621399176955
408,540.0,2,2.0,Uttam Nagar,2500000,4629.62962962963
409,360.0,1,1.0,Uttam Nagar,2000000,5555.555555555556
410,550.0,2,2.0,Uttam Nagar West,1900000,3454.5454545454545
411,1001.0,3,2.0,other,5800000,5794.2057942057945
412,450.0,2,2.0,Dwarka Mor,2900000,6444.444444444444
413,550.0,2,1.0,Uttam Nagar West,2000000,3636.3636363636365
414,550.0,2,2.0,other,2600000,4727.272727272727
415,675.0,2,1.0,Uttam Nagar,2900000,4296.2962962962965
416,585.0,2,2.0,Uttam Nagar,3200000,5470.08547008547
417,810.0,3,2.0,other,5400000,6666.666666666667
418,765.0,3,2.0,Dwarka Mor,3800000,4967.320261437909
419,4688.0,5,4.0,"The Leela Sky Villas, Patel Nagar",135000000,28796.92832764505
420,3901.0,4,4.0,"The Leela Sky Villas, Patel Nagar",93000000,23840.041015124327
421,70.0,2,3.0,other,8200000,117142.85714285714
422,800.0,3,2.0,Patel Nagar West,8000000,10000.0
423,900.0,3,2.0,Patel Nagar West,9500000,10555.555555555555
424,1680.0,4,5.0,Patel Nagar West,20000000,11904.761904761905
425,900.0,2,2.0,Patel Nagar West,7400000,8222.222222222223
426,2000.0,3,3.0,"Patel Nagar East, Patel Nagar",37500000,18750.0
427,2000.0,4,4.0,Patel Nagar West,15000000,7500.0
428,1900.0,3,3.0,"The Leela Sky Villas, Patel Nagar",55300000,29105.263157894737
429,1530.0,3,3.0,"Patel Nagar East, Patel Nagar",26500000,17320.261437908495
430,100.0,3,2.0,"Patel Nagar East, Patel Nagar",16000000,160000.0
431,900.0,3,2.0,Patel Nagar West,10400000,11555.555555555555
432,270.0,1,1.0,Patel Nagar West,1700000,6296.2962962962965
433,950.0,2,2.0,Patel Nagar West,8000000,8421.052631578947
434,1800.0,3,3.0,"Patel Nagar East, Patel Nagar",27000000,15000.0
435,1500.0,3,3.0,Patel Nagar West,19500000,13000.0
436,1800.0,3,3.0,"Patel Nagar East, Patel Nagar",50000000,27777.777777777777
437,1800.0,3,3.0,Patel Nagar West,21100000,11722.222222222223
438,2306.0,3,3.0,"The Leela Sky Villas, Patel Nagar",57000000,24718.12662619254
439,850.0,2,3.0,Patel Nagar West,5900000,6941.176470588235
440,140.0,3,2.0,other,12000000,85714.28571428571
441,900.0,3,2.0,Patel Nagar West,12000000,13333.333333333334
442,1800.0,3,3.0,Patel Nagar West,24000000,13333.333333333334
443,200.0,1,1.0,"Patel Nagar East, Patel Nagar",7000000,35000.0
444,1782.0,3,3.0,"Patel Nagar East, Patel Nagar",15000000,8417.508417508418
445,900.0,2,2.0,other,1500000,1666.6666666666667
446,405.0,2,1.0,Patel Nagar West,3950000,9753.086419753086
447,1500.0,3,3.0,Patel Nagar West,12500000,8333.333333333334
448,66.0,3,1.0,other,1600000,24242.424242424244
449,2000.0,4,4.0,other,36500000,18250.0
450,1200.0,3,2.0,other,20000000,16666.666666666668
451,1100.0,2,2.0,Vasant Kunj,15000000,13636.363636363636
452,1400.0,3,2.0,Vasant Kunj,25000000,17857.14285714286
453,1600.0,3,2.0,"DDA Flats Vasant Kunj, Vasant Kunj",18500000,11562.5
454,1600.0,4,3.0,other,23500000,14687.5
455,600.0,1,1.0,Vasant Kunj,8000000,13333.333333333334
456,1600.0,3,2.0,other,23000000,14375.0
457,2000.0,3,3.0,"DDA Flats Vasant Kunj, Vasant Kunj",31000000,15500.0
458,650.0,1,2.0,"DDA Flats Sector E Pocket 1, Vasant Kunj",7400000,11384.615384615385
459,1100.0,2,2.0,Vasant Kunj,15500000,14090.90909090909
460,1075.0,2,2.0,"DDA Flats Sector E Pocket 1, Vasant Kunj",12000000,11162.790697674418
461,1450.0,3,2.0,other,23500000,16206.896551724138
462,1200.0,3,2.0,other,25000000,20833.333333333332
463,600.0,1,2.0,other,7000000,11666.666666666666
464,1000.0,2,2.0,"DDA Flats Vasant Kunj, Vasant Kunj",17500000,17500.0
465,1600.0,3,2.0,other,25000000,15625.0
466,1750.0,4,4.0,Vasant Kunj Sector C,29000000,16571.428571428572
467,1300.0,3,3.0,"DDA Flats Sector E Pocket 1, Vasant Kunj",21900000,16846.153846153848
468,550.0,1,2.0,other,7500000,13636.363636363636
469,2200.0,4,3.0,other,23500000,10681.818181818182
470,1100.0,2,2.0,Vasant Kunj Sector C,24000000,21818.18181818182
471,1700.0,3,2.0,Vasant Kunj,31000000,18235.29411764706
472,1100.0,2,2.0,Vasant Kunj,16500000,15000.0
473,1000.0,2,2.0,other,5000000,5000.0
474,1350.0,3,2.0,other,24000000,17777.777777777777
475,1184.0,2,2.0,other,17000000,14358.108108108108
476,2000.0,4,2.0,other,40000000,20000.0
477,3500.0,4,4.0,Vasant Kunj,22500000,6428.571428571428
478,900.0,3,3.0,Vasant Kunj,20000000,22222.222222222223
479,4688.0,5,4.0,"The Leela Sky Villas, Patel Nagar",135000000,28796.92832764505
480,750.0,2,2.0,"J R Designers Floors, Rohini Sector 24",5000000,6666.666666666667
481,3901.0,4,4.0,"The Leela Sky Villas, Patel Nagar",93000000,23840.041015124327
482,950.0,3,2.0,"Uttam Nagar Floors, Uttam Nagar",4370000,4600.0
483,1000.0,3,2.0,"Virat Residency, Dwarka Mor",4620000,4620.0
484,850.0,2,1.0,"Siddhartha Heights, Dwarka Sector 24",1900000,2235.294117647059
485,2400.0,4,4.0,other,70000000,29166.666666666668
486,1350.0,3,2.0,"MTNL Employees House Welfare Society, Dwarka Sector 24",5130000,3800.0
487,540.0,2,2.0,"Adarsh Homes, Dwarka Mor",3000000,5555.555555555556
488,1387.0,4,4.0,"Delhi Homes Yojana, Dwarka Sector 24",5890000,4246.575342465753
489,540.0,2,2.0,"Kushwaha Homes, Uttam Nagar",3300000,6111.111111111111
490,976.0,2,2.0,"Godrej South Estate, Okhla",24900000,25512.29508196721
491,1050.0,3,2.0,"The Elite Spire, Dwarka Sector 21",3700000,3523.809523809524
492,2700.0,4,3.0,other,60000000,22222.222222222223
493,1500.0,3,2.0,"Kunj Vihar Apartment, Dwarka Sector 12",17400000,11600.0
494,2900.0,5,5.0,other,51000000,17586.206896551725
495,5025.0,5,6.0,other,170000000,33830.845771144275
496,1000.0,3,2.0,"Partap Homes, Bhagwati Vihar, Uttam Nagar",5510000,5510.0
497,1135.0,3,3.0,"The Amaryllis, Karol Bagh",25000000,22026.431718061674
498,2306.0,3,3.0,"The Leela Sky Villas, Patel Nagar",57000000,24718.12662619254
499,850.0,2,2.0,other,2940000,3458.823529411765
500,1200.0,3,3.0,"Ashirwad Apartments, Dwarka Sector 12",15500000,12916.666666666666
501,1700.0,3,2.0,"Sunny Valley Apartments, Dwarka",17200000,10117.64705882353
502,1800.0,4,3.0,other,55000000,30555.555555555555
503,1100.0,2,2.0,Vasant Kunj,15000000,13636.363636363636
504,22050.0,4,4.0,Greater Kailash 1,51000000,2312.925170068027
505,1550.0,4,3.0,Rohini Sector 24,13000000,8387.09677419355
506,1600.0,3,3.0,Greater Kailash 1,30000000,18750.0
507,700.0,2,2.0,other,2400000,3428.5714285714284
508,45.0,4,3.0,"Batla House, Okhla",5500000,122222.22222222222
509,450.0,2,2.0,"Gandhi Nagar, Shahdara",2900000,6444.444444444444
510,540.0,5,2.0,"Gandhi Nagar, Shahdara",17000000,31481.48148148148
511,1350.0,3,3.0,"Gandhi Nagar, Shahdara",25000000,18518.51851851852
512,2250.0,3,2.0,"Gandhi Nagar, Shahdara",10000000,4444.444444444444
513,1250.0,2,1.0,other,7500000,6000.0
514,504.0,3,1.0,other,3600000,7142.857142857143
515,65.0,3,2.0,other,35000000,538461.5384615385
516,450.0,2,1.0,other,6000000,13333.333333333334
517,1800.0,4,2.0,other,17500000,9722.222222222223
518,1800.0,4,3.0,other,35000000,19444.444444444445
519,1530.0,5,2.0,other,10200000,6666.666666666667
520,1750.0,4,4.0,Vasant Kunj Sector C,29000000,16571.428571428572
521,2210.0,4,3.0,"Sukhdev Vihar, Okhla",41000000,18552.036199095022
522,760.0,3,2.0,Geeta Colony,6000000,7894.736842105263
523,400.0,2,1.0,other,2500000,6250.0
524,380.0,1,1.0,Geeta Colony,2200000,5789.473684210527
525,904.1676,2,2.0,other,21500000,23778.777297483342
526,900.0,4,1.0,other,15000000,16666.666666666668
527,810.0,5,6.0,Geeta Colony,28900000,35679.01234567901
528,100.0,3,2.0,Geeta Colony,5500000,55000.0
529,50.0,2,1.0,other,1950000,39000.0
530,58.0,2,1.0,Geeta Colony,3800000,65517.24137931035
531,900.0,2,1.0,other,6200000,6888.888888888889
532,1650.0,4,3.0,Shahdara,14000000,8484.848484848484
533,1000.0,2,2.0,Laxmi Nagar,7500000,7500.0
534,852.0,2,2.0,other,2670000,3133.8028169014083
535,700.0,2,2.0,Shahdara,2500000,3571.4285714285716
536,990.0,3,2.0,Laxmi Nagar,4000000,4040.40404040404
537,450.0,2,1.0,Laxmi Nagar,3500000,7777.777777777777
538,1000.0,2,2.0,Laxmi Nagar,5000000,5000.0
539,1700.0,4,3.0,Saket,29500000,17352.941176470587
540,1350.0,3,2.0,other,19000000,14074.074074074075
541,2100.0,4,3.0,Saket,25500000,12142.857142857143
542,2600.0,4,4.0,Saket,75000000,28846.153846153848
543,3000.0,4,5.0,Saket,75000000,25000.0
544,1450.0,3,3.0,"RWA Flats, Saket",34000000,23448.275862068964
545,2050.0,4,4.0,Saket,47500000,23170.731707317074
546,3000.0,4,5.0,other,75000000,25000.0
547,1800.0,3,3.0,other,23000000,12777.777777777777
548,900.0,3,2.0,other,24000000,26666.666666666668
549,1500.0,3,2.0,"RWA Flats, Saket",21500000,14333.333333333334
550,1500.0,3,2.0,Saket,28500000,19000.0
551,1800.0,4,4.0,other,12500000,6944.444444444444
552,1674.0,3,3.0,Saket,45000000,26881.720430107525
553,2025.0,4,3.0,Saket,30500000,15061.728395061727
554,1300.0,3,3.0,Saket,22500000,17307.69230769231
555,990.0,3,3.0,other,28000000,28282.828282828283
556,2100.0,3,4.0,Saket,25000000,11904.761904761905
557,2250.0,4,4.0,Saket,33700000,14977.777777777777
558,1500.0,3,3.0,Saket,27000000,18000.0
559,2700.0,4,4.0,Saket,43500000,16111.111111111111
560,1700.0,3,3.0,"RWA Flats, Saket",29000000,17058.823529411766
561,1700.0,3,3.0,Saket,30000000,17647.058823529413
562,2050.0,4,4.0,Saket,52100000,25414.634146341465
563,1800.0,3,3.0,Saket,32500000,18055.555555555555
564,1500.0,3,2.0,Saket,20500000,13666.666666666666
565,2000.0,4,3.0,Saket,25000000,12500.0
566,1500.0,3,3.0,Saket,30000000,20000.0
567,24300.0,4,5.0,Saket,51000000,2098.7654320987654
568,2475.0,4,4.0,Saket,31000000,12525.252525252525
569,1800.0,3,3.0,Safdarjung Enclave,37500000,20833.333333333332
570,1300.0,3,3.0,"Arjun Nagar, Safdarjung Enclave",32500000,25000.0
571,1500.0,3,3.0,Safdarjung Enclave,37500000,25000.0
572,2100.0,4,4.0,Safdarjung Enclave,55000000,26190.47619047619
573,1800.0,4,4.0,Safdarjung Enclave,87500000,48611.11111111111
574,1100.0,2,2.0,Safdarjung Enclave,16300000,14818.181818181818
575,2035.0,4,4.0,Safdarjung Enclave,65000000,31941.031941031943
576,1100.0,3,3.0,other,25000000,22727.272727272728
577,1550.0,3,3.0,Safdarjung Enclave,38000000,24516.129032258064
578,700.0,2,2.0,Safdarjung Enclave,15000000,21428.571428571428
579,150.0,2,1.0,"Arjun Nagar, Safdarjung Enclave",2000000,13333.333333333334
580,540.0,1,1.0,"Arjun Nagar, Safdarjung Enclave",3000000,5555.555555555556
581,810.0,2,2.0,other,8500000,10493.827160493827
582,3250.0,4,4.0,other,55000000,16923.076923076922
583,1600.0,3,3.0,Safdarjung Enclave,22500000,14062.5
584,4000.0,4,4.0,Safdarjung Enclave,72500000,18125.0
585,5500.0,6,7.0,Safdarjung Enclave,160000000,29090.909090909092
586,900.0,3,3.0,other,12500000,13888.888888888889
587,972.0,2,2.0,Safdarjung Enclave,17000000,17489.711934156378
588,4150.0,4,4.0,Safdarjung Enclave,82500000,19879.518072289156
589,2250.0,4,5.0,Safdarjung Enclave,55000000,24444.444444444445
590,1650.0,3,3.0,Safdarjung Enclave,35000000,21212.121212121212
591,2610.0,4,4.0,other,42500000,16283.524904214559
592,600.0,2,2.0,"Arjun Nagar, Safdarjung Enclave",4700000,7833.333333333333
593,1700.0,4,5.0,Safdarjung Enclave,52500000,30882.352941176472
594,2250.0,4,4.0,Safdarjung Enclave,80000000,35555.555555555555
595,880.0,3,2.0,"Arjun Nagar, Safdarjung Enclave",11000000,12500.0
596,4200.0,4,5.0,Safdarjung Enclave,74000000,17619.04761904762
597,1450.0,3,3.0,other,37500000,25862.068965517243
598,2200.0,4,4.0,other,52500000,23863.636363636364
599,1620.0,3,3.0,other,26000000,16049.382716049382
600,1078.0,3,2.0,Paschim Vihar,15500000,14378.47866419295
601,1710.0,3,3.0,other,22000000,12865.497076023392
602,1150.0,3,3.0,other,21000000,18260.869565217392
603,450.0,2,2.0,"Paschimpuri, Paschim Vihar",5000000,11111.111111111111
604,1818.0,3,3.0,Paschim Vihar,22000000,12101.210121012102
605,1800.0,3,2.0,other,26500000,14722.222222222223
606,780.0,2,2.0,other,8770000,11243.589743589744
607,405.0,1,1.0,other,4500000,11111.111111111111
608,900.0,2,3.0,Paschim Vihar,8500000,9444.444444444445
609,807.2925,2,2.0,other,8600000,10652.892229272536
610,2700.0,4,3.0,other,42500000,15740.74074074074
611,1100.0,3,2.0,Paschim Vihar,13100000,11909.09090909091
612,585.0,2,2.0,"Paschimpuri, Paschim Vihar",7000000,11965.811965811965
613,2152.78,3,3.0,other,30000000,13935.469485966982
614,960.0,2,2.0,other,13000000,13541.666666666666
615,1800.0,4,3.0,other,23100000,12833.333333333334
616,1100.0,3,2.0,Paschim Vihar,16000000,14545.454545454546
617,900.0,2,2.0,Paschim Vihar,12500000,13888.888888888889
618,1620.0,3,3.0,other,24500000,15123.456790123457
619,378.0,1,1.0,"Paschimpuri, Paschim Vihar",3200000,8465.608465608466
620,800.0,3,2.0,other,6300000,7875.0
621,1350.0,3,3.0,other,15000000,11111.111111111111
622,850.0,3,3.0,other,5700000,6705.882352941177
623,1580.0,3,2.0,other,21000000,13291.139240506329
624,820.0,2,3.0,Paschim Vihar,7500000,9146.341463414634
625,594.0,2,1.0,other,6500000,10942.760942760942
626,14220.0,3,3.0,other,27500000,1933.8959212376933
627,800.0,3,2.0,other,12000000,15000.0
628,1500.0,3,2.0,other,18000000,12000.0
629,1600.0,3,3.0,other,15600000,9750.0
630,1650.0,3,3.0,other,15500000,9393.939393939394
631,1600.0,3,3.0,other,15200000,9500.0
632,1900.0,3,3.0,other,25000000,13157.894736842105
633,1400.0,3,2.0,other,15000000,10714.285714285714
634,1550.0,3,2.0,other,15800000,10193.548387096775
635,2000.0,4,3.0,other,31500000,15750.0
636,1500.0,3,3.0,"Bank Apartments, Aashirwaad Chowk, Dwarka",14000000,9333.333333333334
637,1550.0,3,2.0,"Aashirwaad Chowk, Dwarka",13200000,8516.129032258064
638,1600.0,3,2.0,"Bank Apartments, Aashirwaad Chowk, Dwarka",15800000,9875.0
639,1600.0,3,3.0,other,16200000,10125.0
640,1800.0,3,2.0,other,15500000,8611.111111111111
641,1470.0,3,2.0,"Aashirwaad Chowk, Dwarka",14500000,9863.945578231293
642,1500.0,3,2.0,"Aashirwaad Chowk, Dwarka",14900000,9933.333333333334
643,1750.0,3,3.0,other,17200000,9828.57142857143
644,1650.0,3,3.0,other,18000000,10909.09090909091
645,1850.0,3,2.0,"Aashirwaad Chowk, Dwarka",15500000,8378.378378378378
646,1480.0,3,2.0,"Bank Apartments, Aashirwaad Chowk, Dwarka",15800000,10675.675675675675
647,1214.0,2,2.0,other,12600000,10378.912685337726
648,1380.0,3,2.0,"Aashirwaad Chowk, Dwarka",15000000,10869.565217391304
649,1600.0,4,2.0,other,19500000,12187.5
650,1585.0,3,3.0,other,16600000,10473.186119873817
651,1700.0,3,3.0,"Aashirwaad Chowk, Dwarka",17200000,10117.64705882353
652,1200.0,2,2.0,other,13000000,10833.333333333334
653,1800.0,4,3.0,other,16500000,9166.666666666666
654,1000.0,2,2.0,other,10700000,10700.0
655,1500.0,3,2.0,other,16200000,10800.0
656,1700.0,3,2.0,other,16500000,9705.882352941177
657,1750.0,3,2.0,other,14900000,8514.285714285714
658,2700.0,4,3.0,other,27500000,10185.185185185184
659,3050.0,5,6.0,Commonwealth Games Village 2010,62500000,20491.803278688523
660,3405.0,5,5.0,"Common Wealth Games Village, Commonwealth Games Village 2010",70000000,20558.002936857563
661,1500.0,3,3.0,Commonwealth Games Village 2010,35500000,23666.666666666668
662,2105.0,3,3.0,"Common Wealth Games Village, Commonwealth Games Village 2010",42100000,20000.0
663,2500.0,4,5.0,other,42500000,17000.0
664,2090.0,3,4.0,"Common Wealth Games Village, Commonwealth Games Village 2010",44000000,21052.63157894737
665,2525.0,4,5.0,"Project Commonwealth Games Village 2010, Commonwealth Games Village 2010",43200000,17108.91089108911
666,2500.0,4,4.0,"Project Commonwealth Games Village 2010, Commonwealth Games Village 2010",52500000,21000.0
667,2100.0,3,4.0,"Common Wealth Games Village, Commonwealth Games Village 2010",34300000,16333.333333333334
668,2022.0,3,3.0,other,38000000,18793.273986152326
669,2650.0,4,5.0,Commonwealth Games Village 2010,52500000,19811.32075471698
670,1850.0,3,3.0,"Common Wealth Games Village, Commonwealth Games Village 2010",37500000,20270.27027027027
671,2100.0,3,3.0,"Common Wealth Games Village, Commonwealth Games Village 2010",37000000,17619.04761904762
672,1700.0,3,4.0,Commonwealth Games Village 2010,40000000,23529.41176470588
673,2105.0,3,3.0,"Common Wealth Games Village, Commonwealth Games Village 2010",36200000,17197.149643705463
674,1250.0,2,3.0,"Common Wealth Games Village, Commonwealth Games Village 2010",29000000,23200.0
675,2552.0,4,5.0,"Project Commonwealth Games Village 2010, Commonwealth Games Village 2010",42500000,16653.60501567398
676,3112.0,5,6.0,Commonwealth Games Village 2010,60000000,19280.205655526992
677,2125.0,3,3.0,"Project Commonwealth Games Village 2010, Commonwealth Games Village 2010",36500000,17176.470588235294
678,2065.0,3,4.0,"Common Wealth Games Village, Commonwealth Games Village 2010",42500000,20581.113801452786
679,3405.0,5,4.0,"Common Wealth Games Village, Commonwealth Games Village 2010",71500000,20998.531571218795
680,3050.0,5,5.0,"Common Wealth Games Village, Commonwealth Games Village 2010",65000000,21311.475409836065
681,2300.0,5,6.0,"Common Wealth Games Village, Commonwealth Games Village 2010",58000000,25217.391304347828
682,1455.0,2,2.0,Commonwealth Games Village 2010,27500000,18900.343642611682
683,3400.0,5,5.0,"Project Commonwealth Games Village 2010, Commonwealth Games Village 2010",70000000,20588.235294117647
684,3100.0,5,5.0,"Common Wealth Games Village, Commonwealth Games Village 2010",65000000,20967.74193548387
685,1400.0,2,3.0,"Common Wealth Games Village, Commonwealth Games Village 2010",28600000,20428.571428571428
686,2126.0,3,3.0,"Common Wealth Games Village, Commonwealth Games Village 2010",39000000,18344.308560677327
687,1815.0,3,3.0,Commonwealth Games Village 2010,32500000,17906.33608815427
688,1700.0,3,3.0,"Project Commonwealth Games Village 2010, Commonwealth Games Village 2010",34000000,20000.0
689,700.0,2,2.0,Alaknanda,16500000,23571.428571428572
690,980.0,2,2.0,"Shivalik Apartments, Alaknanda",13800000,14081.632653061224
691,1350.0,3,3.0,"Narmada Apartment, Alaknanda",21000000,15555.555555555555
692,1800.0,3,3.0,other,22500000,12500.0
693,968.751,2,2.0,"Aravali Apartments, Alaknanda",15000000,15483.854984407759
694,1250.0,3,3.0,"Narmada Apartment, Alaknanda",20000000,16000.0
695,1800.0,3,3.0,"Aravali Apartments, Alaknanda",20000000,11111.111111111111
696,1400.0,3,2.0,"Shivalik Apartments, Alaknanda",26000000,18571.428571428572
697,1000.0,3,3.0,"Narmada Apartment, Alaknanda",19500000,19500.0
698,1800.0,4,2.0,other,21500000,11944.444444444445
699,1500.0,3,3.0,Alaknanda,26500000,17666.666666666668
700,1600.0,3,3.0,"Narmada Apartment, Alaknanda",20000000,12500.0
701,1400.0,3,3.0,other,18000000,12857.142857142857
702,1400.0,3,2.0,Alaknanda,19000000,13571.42857142857
703,2700.0,4,4.0,other,36500000,13518.518518518518
704,1100.0,2,2.0,Alaknanda,15000000,13636.363636363636
705,1200.0,2,2.0,Alaknanda,17500000,14583.333333333334
706,1400.0,2,2.0,Alaknanda,14000000,10000.0
707,1500.0,3,3.0,other,21000000,14000.0
708,1320.0,3,2.0,Alaknanda,15600000,11818.181818181818
709,1300.0,3,3.0,other,19000000,14615.384615384615
710,1150.0,2,2.0,"Narmada Apartment, Alaknanda",16500000,14347.826086956522
711,1440.0,3,3.0,Alaknanda,19000000,13194.444444444445
712,1400.0,2,2.0,"Nilgiri Apartment, Alaknanda",16500000,11785.714285714286
713,450.0,1,1.0,Alaknanda,3000000,6666.666666666667
714,1300.0,2,2.0,other,15000000,11538.461538461539
715,1200.0,2,2.0,"Nilgiri Apartment, Alaknanda",14300000,11916.666666666666
716,1300.0,3,2.0,"Nilgiri Apartment, Alaknanda",18500000,14230.76923076923
717,1400.0,3,3.0,other,19000000,13571.42857142857
718,1400.0,3,3.0,Alaknanda,19000000,13571.42857142857
719,1500.0,3,2.0,other,13500000,9000.0
720,1600.0,4,2.0,other,15800000,9875.0
721,1200.0,10,4.0,"DDA Flats Sarita Vihar, Sarita Vihar, Mathura Road",17000000,14166.666666666666
722,1600.0,4,2.0,other,15500000,9687.5
723,1250.0,3,2.0,"DDA Flats Sarita Vihar, Sarita Vihar, Mathura Road",16000000,12800.0
724,950.0,2,2.0,"DDA Flats Sarita Vihar, Sarita Vihar, Mathura Road",12900000,13578.947368421053
725,1200.0,3,3.0,"DDA Flats Sarita Vihar, Sarita Vihar, Mathura Road",13500000,11250.0
726,1400.0,4,2.0,"DDA Flats Sarita Vihar, Sarita Vihar, Mathura Road",17800000,12714.285714285714
727,950.0,2,2.0,"DDA Flats Sarita Vihar, Sarita Vihar, Mathura Road",13200000,13894.736842105263
728,1350.0,3,3.0,"DDA Flats Sarita Vihar, Sarita Vihar, Mathura Road",14000000,10370.37037037037
729,1550.0,4,2.0,"DDA Flats Sarita Vihar, Sarita Vihar, Mathura Road",17500000,11290.322580645161
730,1300.0,3,2.0,"DDA Flats Sarita Vihar, Sarita Vihar, Mathura Road",17000000,13076.923076923076
731,1000.0,2,2.0,"DDA Flats Sarita Vihar, Sarita Vihar Pocket K",13000000,13000.0
732,1500.0,3,3.0,"DDA Flats Sarita Vihar, Sarita Vihar Pocket K",17000000,11333.333333333334
733,950.0,2,2.0,"DDA Flats Sarita Vihar, Sarita Vihar, Mathura Road",12700000,13368.421052631578
734,1200.0,3,2.0,"DDA Flats Sarita Vihar, Sarita Vihar, Mathura Road",13500000,11250.0
735,1400.0,4,2.0,"DDA Flats Sarita Vihar, Sarita Vihar, Mathura Road",17400000,12428.57142857143
736,1500.0,4,2.0,"DDA Flats Sarita Vihar, Sarita Vihar, Mathura Road",17800000,11866.666666666666
737,1050.0,2,2.0,"DDA Flats Sarita Vihar, Sarita Vihar, Mathura Road",12700000,12095.238095238095
738,1550.0,4,2.0,"DDA Flats Sarita Vihar, Sarita Vihar, Mathura Road",16200000,10451.612903225807
739,950.0,2,2.0,"DDA Flats Sarita Vihar, Sarita Vihar, Mathura Road",11100000,11684.21052631579
740,1150.0,2,2.0,"DDA Flats Sarita Vihar, Sarita Vihar, Mathura Road",13600000,11826.08695652174
741,1150.0,2,2.0,"DDA Flats Sarita Vihar, Sarita Vihar Pocket K",13100000,11391.304347826086
742,1150.0,2,2.0,"DDA Flats Sarita Vihar, Sarita Vihar, Mathura Road",12500000,10869.565217391304
743,1500.0,3,2.0,"DDA Flats Sarita Vihar, Sarita Vihar, Mathura Road",13600000,9066.666666666666
744,1800.0,4,4.0,other,12000000,6666.666666666667
745,1300.0,3,3.0,other,20000000,15384.615384615385
746,1150.0,2,2.0,other,13500000,11739.130434782608
747,1500.0,3,2.0,other,14000000,9333.333333333334
748,1150.0,2,2.0,other,10800000,9391.304347826086
749,900.0,3,2.0,"New Manglapuri, Sultanpur",9000000,10000.0
750,1150.0,3,2.0,"New Manglapuri, Sultanpur",6300000,5478.260869565217
751,1000.0,3,3.0,Sultanpur Extension,5500000,5500.0
752,450.0,1,1.0,"New Manglapuri, Sultanpur",2350000,5222.222222222223
753,1350.0,3,3.0,Sultanpur,8500000,6296.2962962962965
754,445.0,1,2.0,Sultanpur Extension,1650000,3707.8651685393256
755,1200.0,2,2.0,"Manglapuri, Sultanpur",10000000,8333.333333333334
756,50.0,1,1.0,"Indra Park Palam, Manglapuri",1500000,30000.0
757,1100.0,2,2.0,other,2800000,2545.4545454545455
758,700.0,2,2.0,Sultanpur Extension,2600000,3714.285714285714
759,500.0,1,1.0,"New Manglapuri, Sultanpur",2350000,4700.0
760,540.0,1,1.0,Sultanpur Extension,2350000,4351.851851851852
761,450.0,1,1.0,Sultanpur,2000000,4444.444444444444
762,800.0,2,2.0,Sultanpur,5000000,6250.0
763,700.0,2,2.0,"New Manglapuri, Sultanpur",3500000,5000.0
764,750.0,2,2.0,Sultanpur,4500000,6000.0
765,750.0,2,2.0,Sultanpur,4000000,5333.333333333333
766,1600.0,3,3.0,"New Manglapuri, Sultanpur",10800000,6750.0
767,1000.0,3,2.0,"New Manglapuri, Sultanpur",10000000,10000.0
768,1600.0,3,3.0,"New Manglapuri, Sultanpur",10800000,6750.0
769,900.0,3,2.0,"Manglapuri, Sultanpur",9000000,10000.0
770,1700.0,3,3.0,"New Manglapuri, Sultanpur",8500000,5000.0
771,1100.0,3,2.0,"New Manglapuri, Sultanpur",6000000,5454.545454545455
772,1000.0,3,3.0,"New Manglapuri, Sultanpur",5500000,5500.0
773,1000.0,3,2.0,"Manglapuri, Sultanpur",7000000,7000.0
774,1100.0,3,2.0,Sultanpur,6000000,5454.545454545455
775,765.0,3,2.0,"Manglapuri, Sultanpur",3700000,4836.601307189542
776,900.0,2,2.0,"Indra Park Palam, Manglapuri",3100000,3444.4444444444443
777,600.0,2,2.0,Sultanpur,4500000,7500.0
778,360.0,1,1.0,"Indra Park Palam, Manglapuri",1500000,4166.666666666667
779,950.0,3,2.0,Chhattarpur,7090000,7463.1578947368425
780,3600.0,2,2.0,other,4500000,1250.0
781,1305.0,4,3.0,other,5500000,4214.55938697318
782,1800.0,3,4.0,Chhattarpur,63000000,35000.0
783,950.0,3,2.0,Chhattarpur,6990000,7357.894736842105
784,800.0,2,2.0,Chhattarpur,4400000,5500.0
785,1800.0,4,4.0,Chhattarpur Enclave Phase2,12500000,6944.444444444444
786,800.0,2,2.0,Chhattarpur,3000000,3750.0
787,675.0,2,2.0,Chhattarpur,2800000,4148.148148148148
788,1175.0,3,3.0,other,5000000,4255.31914893617
789,1500.0,3,3.0,Chhattarpur,6000000,4000.0
790,810.0,2,2.0,Chhattarpur,4500000,5555.555555555556
791,630.0,2,2.0,Chhattarpur Enclave Phase2,2800000,4444.444444444444
792,650.0,2,2.0,Chhattarpur,2500000,3846.153846153846
793,1800.0,4,4.0,Chhattarpur Enclave Phase2,8500000,4722.222222222223
794,725.0,2,2.0,Chhattarpur,3000000,4137.931034482759
795,900.0,3,2.0,Chhattarpur,4900000,5444.444444444444
796,750.0,2,2.0,Chhattarpur,3500000,4666.666666666667
797,700.0,2,2.0,Chhattarpur Enclave Phase2,3000000,4285.714285714285
798,950.0,3,2.0,Chhattarpur,7020000,7389.473684210527
799,1600.0,3,4.0,other,60000000,37500.0
800,900.0,2,2.0,Chhattarpur,3500000,3888.8888888888887
801,1500.0,3,3.0,Chhattarpur,7000000,4666.666666666667
802,500.0,2,1.0,Chhattarpur Enclave Phase2,7000000,14000.0
803,1035.0,3,3.0,Chhattarpur Enclave Phase2,4500000,4347.826086956522
804,825.0,3,2.0,other,5990000,7260.606060606061
805,1300.0,3,3.0,Chhattarpur,4400000,3384.6153846153848
806,765.0,2,2.0,Chhattarpur,2500000,3267.97385620915
807,580.0,1,1.0,Chhattarpur Enclave Phase2,1600000,2758.6206896551726
808,1750.0,3,3.0,Chhattarpur Enclave Phase2,6500000,3714.285714285714
809,650.0,2,2.0,Mehrauli,2750000,4230.7692307692305
810,405.0,1,1.0,Mehrauli,1500000,3703.703703703704
811,675.0,2,1.0,Mehrauli,2200000,3259.259259259259
812,850.0,2,2.0,Mehrauli,2800000,3294.1176470588234
813,800.0,3,3.0,Mehrauli,4500000,5625.0
814,405.0,1,1.0,Mehrauli,1800000,4444.444444444444
815,1350.0,3,3.0,Mehrauli,8500000,6296.2962962962965
816,1350.0,3,3.0,Mehrauli,8500000,6296.2962962962965
817,450.0,1,1.0,Mehrauli,1700000,3777.777777777778
818,1300.0,3,3.0,other,7000000,5384.615384615385
819,1050.0,3,2.0,Mehrauli,5600000,5333.333333333333
820,1675.0,4,3.0,Mehrauli,13500000,8059.701492537313
821,1250.0,3,3.0,Mehrauli,8500000,6800.0
822,1080.0,3,3.0,Mehrauli,6000000,5555.555555555556
823,1170.0,3,3.0,"Andheria Mor, Mehrauli",7200000,6153.846153846154
824,1250.0,3,2.0,other,6500000,5200.0
825,1500.0,3,3.0,"Andheria Mor, Mehrauli",8400000,5600.0
826,1350.0,3,3.0,Mehrauli,8500000,6296.2962962962965
827,855.0,2,2.0,Mehrauli,4000000,4678.362573099415
828,540.0,1,1.0,Mehrauli,1700000,3148.1481481481483
829,1044.0983,3,2.0,Mehrauli,6000000,5746.585355037931
830,405.0,1,1.0,Mehrauli,1600000,3950.617283950617
831,500.0,1,2.0,Mehrauli,2100000,4200.0
832,450.0,1,1.0,Mehrauli,1700000,3777.777777777778
833,405.0,1,1.0,"Andheria Mor, Mehrauli",1500000,3703.703703703704
834,405.0,1,1.0,Mehrauli,1200000,2962.962962962963
835,450.0,1,1.0,other,1650000,3666.6666666666665
836,173.0,2,2.0,Mehrauli,3500000,20231.21387283237
837,1100.0,3,2.0,Mehrauli,8500000,7727.272727272727
838,600.0,2,2.0,Mehrauli,3200000,5333.333333333333
839,800.0,3,2.0,Mahavir Enclave,4400000,5500.0
840,990.0,4,3.0,Mahavir Enclave Part 1,7200000,7272.727272727273
841,1100.0,3,2.0,Mahavir Enclave Part 1,7500000,6818.181818181818
842,1100.0,3,2.0,Mahavir Enclave,6500000,5909.090909090909
843,527.0,2,2.0,Mahavir Enclave Part 1,3500000,6641.366223908918
844,1000.0,2,2.0,other,6500000,6500.0
845,1000.0,3,2.0,Mahavir Enclave Part 1,6200000,6200.0
846,450.0,1,1.0,Mahavir Enclave Part 1,2500000,5555.555555555556
847,600.0,2,2.0,Mahavir Enclave,3000000,5000.0
848,950.0,3,2.0,Mahavir Enclave Part 1,6000000,6315.789473684211
849,855.0,3,2.0,Mahavir Enclave Part 1,4800000,5614.035087719299
850,770.0,2,2.0,Mahavir Enclave,3790000,4922.077922077922
851,810.0,3,2.0,Mahavir Enclave,4200000,5185.185185185185
852,710.0,2,2.0,Mahavir Enclave,2900000,4084.507042253521
853,950.0,3,2.0,Mahavir Enclave Part 1,5000000,5263.1578947368425
854,450.0,1,1.0,Mahavir Enclave Part 1,2100000,4666.666666666667
855,500.0,2,2.0,Mahavir Enclave Part 1,3200000,6400.0
856,600.0,2,1.0,Mahavir Enclave Part 1,3000000,5000.0
857,420.0,1,1.0,Mahavir Enclave Part 1,2300000,5476.190476190476
858,900.0,3,2.0,Mahavir Enclave Part 1,5900000,6555.555555555556
859,945.0,3,2.0,Mahavir Enclave Part 1,5500000,5820.10582010582
860,565.0,2,2.0,other,3500000,6194.690265486725
861,450.0,2,1.0,other,1700000,3777.777777777778
862,430.0,1,1.0,Mahavir Enclave,1850000,4302.325581395349
863,550.0,2,2.0,Mahavir Enclave,2300000,4181.818181818182
864,810.0,3,2.0,Mahavir Enclave,3800000,4691.358024691358
865,720.0,3,2.0,Mahavir Enclave Part 1,4500000,6250.0
866,360.0,2,1.0,other,2200000,6111.111111111111
867,820.0,3,2.0,Mahavir Enclave,5200000,6341.463414634146
868,459.0,2,2.0,other,2200000,4793.028322440087
869,378.0,1,2.0,other,1500000,3968.253968253968
870,450.0,1,1.0,other,2200000,4888.888888888889
871,900.0,2,2.0,other,3800000,4222.222222222223
872,360.0,1,1.0,other,1800000,5000.0
873,559.7228,2,2.0,Narela,2850000,5091.80615833409
874,350.0,1,1.0,Narela,2500000,7142.857142857143
875,365.0,1,1.0,Narela,3500000,9589.04109589041
876,390.0,1,1.0,"DDA Lig Flats, Narela",2000000,5128.205128205128
877,350.0,1,1.0,other,3000000,8571.42857142857
878,210.0,1,1.0,"DDA Lig Flats, Narela",2000000,9523.809523809523
879,50.0,1,1.0,"DDA Lig Flats, Narela",3500000,70000.0
880,500.0,1,1.0,other,1800000,3600.0
881,350.0,1,1.0,"DDA Lig Flats, Narela",1600000,4571.428571428572
882,379.0,1,1.0,"DDA Lig Flats, Narela",1600000,4221.6358839050135
883,236.8058,1,1.0,Narela,2000000,8445.739082404232
884,445.0,1,1.0,other,1500000,3370.7865168539324
885,452.0838,2,1.0,other,3000000,6635.937850460467
886,350.0,1,1.0,Narela,1490000,4257.142857142857
887,437.0,1,1.0,"DDA Lig Flats, Narela",3500000,8009.153318077803
888,61.0,3,3.0,other,4000000,65573.77049180328
889,495.0,2,2.0,Narela,1750000,3535.3535353535353
890,900.0,2,2.0,other,4600000,5111.111111111111
891,350.0,1,1.0,"DDA Lig Flats, Narela",1800000,5142.857142857143
892,585.0,2,2.0,Narela,1900000,3247.863247863248
893,198.0,1,1.0,other,1000000,5050.50505050505
894,4900.0,1,1.0,"DDA Lig Flats, Narela",1000000,204.08163265306123
895,2077.4327,1,1.0,other,1000000,481.3633673909148
896,50.0,1,1.0,"DDA Lig Flats, Narela",3500000,70000.0
897,990.0,3,2.0,Narela,5000000,5050.50505050505
898,425.0,1,1.0,Narela,2200000,5176.470588235294
899,750.0,2,2.0,Malviya Nagar,13000000,17333.333333333332
900,1400.0,3,3.0,"Shivalik, Malviya Nagar",34000000,24285.714285714286
901,3600.0,4,4.0,"Geetanjali Enclave, Malviya Nagar",60000000,16666.666666666668
902,3000.0,4,5.0,"Geetanjali Enclave, Malviya Nagar",74500000,24833.333333333332
903,2750.0,4,5.0,"Geetanjali Enclave, Malviya Nagar",75000000,27272.727272727272
904,2050.0,4,4.0,"Geetanjali Enclave, Malviya Nagar",62500000,30487.80487804878
905,3000.0,4,4.0,other,67000000,22333.333333333332
906,850.0,2,2.0,Malviya Nagar,8500000,10000.0
907,750.0,2,2.0,Malviya Nagar,11500000,15333.333333333334
908,2600.0,4,5.0,other,52500000,20192.30769230769
909,800.0,2,2.0,Malviya Nagar,12000000,15000.0
910,550.0,2,2.0,Malviya Nagar,10700000,19454.545454545456
911,700.0,2,2.0,Malviya Nagar,9000000,12857.142857142857
912,2316.0,3,4.0,"Geetanjali Enclave, Malviya Nagar",100000000,43177.892918825564
913,900.0,3,2.0,other,6200000,6888.888888888889
914,100.0,3,2.0,Malviya Nagar,17000000,170000.0
915,900.0,2,3.0,other,12500000,13888.888888888889
916,1500.0,2,2.0,Malviya Nagar,13000000,8666.666666666666
917,650.0,3,2.0,other,4200000,6461.538461538462
918,2000.0,4,4.0,Malviya Nagar,36000000,18000.0
919,500.0,1,1.0,Malviya Nagar,2300000,4600.0
920,1125.0,2,2.0,Malviya Nagar,8100000,7200.0
921,1300.0,3,3.0,Malviya Nagar,10000000,7692.307692307692
922,2500.0,4,5.0,"Geetanjali Enclave, Malviya Nagar",62500000,25000.0
923,2200.0,4,5.0,"Geetanjali Enclave, Malviya Nagar",65000000,29545.454545454544
924,1290.0,3,2.0,Malviya Nagar,20000000,15503.875968992248
925,2250.0,4,4.0,"Geetanjali Enclave, Malviya Nagar",57500000,25555.555555555555
926,1350.0,3,3.0,"Shivalik, Malviya Nagar",30000000,22222.222222222223
927,1400.0,3,3.0,"Shivalik, Malviya Nagar",30000000,21428.571428571428
928,1700.0,3,3.0,"Shivalik, Malviya Nagar",30000000,17647.058823529413
929,450.0,1,1.0,"Dilshad Colony, Dilshad Garden",3300000,7333.333333333333
930,750.0,2,1.0,other,7350000,9800.0
931,1500.0,4,1.0,other,12500000,8333.333333333334
932,400.0,1,1.0,"Dilshad Colony, Dilshad Garden",3500000,8750.0
933,650.0,2,2.0,"Dilshad Colony, Dilshad Garden",6500000,10000.0
934,900.0,2,2.0,"Dilshad Colony, Dilshad Garden",6900000,7666.666666666667
935,400.0,1,1.0,"Dilshad Colony, Dilshad Garden",3600000,9000.0
936,900.0,3,2.0,"Dilshad Colony, Dilshad Garden",13500000,15000.0
937,1000.0,3,2.0,"DDA Flats Block A, Dilshad Garden",9200000,9200.0
938,405.0,1,1.0,"Dilshad Colony, Dilshad Garden",2500000,6172.83950617284
939,1700.0,3,2.0,"DDA Flats Block A, Dilshad Garden",17000000,10000.0
940,800.0,3,2.0,Dilshad Garden,9030000,11287.5
941,1076.39,3,2.0,"Dilshad Colony, Dilshad Garden",9300000,8639.991081299528
942,750.0,2,1.0,other,6500000,8666.666666666666
943,460.0,2,1.0,"Dilshad Colony, Dilshad Garden",3300000,7173.913043478261
944,370.0,1,1.0,"Dilshad Colony, Dilshad Garden",2400000,6486.486486486487
945,1800.0,3,3.0,"Dilshad Colony, Dilshad Garden",15000000,8333.333333333334
946,1080.0,3,1.0,Dilshad Garden,7000000,6481.481481481482
947,350.0,1,1.0,other,4200000,12000.0
948,500.0,2,1.0,Dilshad Garden,5800000,11600.0
949,900.0,3,2.0,"Dilshad Colony, Dilshad Garden",4800000,5333.333333333333
950,800.0,2,2.0,"Dilshad Colony, Dilshad Garden",7500000,9375.0
951,350.0,1,1.0,other,3000000,8571.42857142857
952,430.556,1,1.0,Dilshad Garden,4300000,9987.086464943004
953,500.0,1,1.0,"Dilshad Colony, Dilshad Garden",2600000,5200.0
954,1450.0,2,2.0,Dilshad Garden,7000000,4827.586206896552
955,800.0,2,2.0,"Dilshad Colony, Dilshad Garden",6000000,7500.0
956,1000.0,2,2.0,"Dilshad Colony, Dilshad Garden",6700000,6700.0
957,1000.0,3,3.0,other,9500000,9500.0
958,1600.0,3,2.0,"DDA Flats Block A, Dilshad Garden",17000000,10625.0
959,900.0,2,2.0,Vasundhara Enclave,8000000,8888.888888888889
960,1500.0,3,3.0,Vasundhara Enclave,12000000,8000.0
961,1050.0,2,2.0,Vasundhara Enclave,9000000,8571.42857142857
962,1300.0,3,2.0,other,11500000,8846.153846153846
963,1600.0,4,3.0,other,20000000,12500.0
964,900.0,2,2.0,other,8550000,9500.0
965,1350.0,4,4.0,other,10500000,7777.777777777777
966,1000.0,3,2.0,other,12000000,12000.0
967,1400.0,3,2.0,other,11000000,7857.142857142857
968,975.0,3,2.0,Vasundhara Enclave,12000000,12307.692307692309
969,900.0,2,2.0,other,9000000,10000.0
970,1100.0,2,2.0,Vasundhara Enclave,10000000,9090.90909090909
971,950.0,2,2.0,Vasundhara Enclave,8100000,8526.315789473685
972,1300.0,3,3.0,Vasundhara Enclave,9200000,7076.923076923077
973,1459.0,3,3.0,Vasundhara Enclave,14200000,9732.693625771077
974,1000.0,2,2.0,other,7500000,7500.0
975,1100.0,2,2.0,other,9500000,8636.363636363636
976,1450.0,3,2.0,other,14000000,9655.172413793103
977,1450.0,3,3.0,other,11600000,8000.0
978,1150.0,3,3.0,Vasundhara Enclave,12000000,10434.782608695652
979,780.0,2,2.0,Vasundhara Enclave,7500000,9615.384615384615
980,1300.0,3,2.0,other,9800000,7538.461538461538
981,1350.0,3,3.0,other,12000000,8888.888888888889
982,1200.0,3,2.0,other,12500000,10416.666666666666
983,1460.0,3,3.0,other,16500000,11301.369863013699
984,1460.0,3,3.0,Vasundhara Enclave,12000000,8219.17808219178
985,1100.0,2,2.0,Vasundhara Enclave,7200000,6545.454545454545
986,1500.0,3,3.0,other,15000000,10000.0
987,1050.0,2,2.0,other,10000000,9523.809523809523
988,1350.0,3,3.0,other,11000000,8148.148148148148
989,1500.0,2,2.0,"Godrej South Estate, Okhla",24700000,16466.666666666668
990,976.0,2,2.0,"Godrej South Estate, Okhla",24900000,25512.29508196721
991,540.0,2,1.0,"Abul Fazal Enclave Part 1, Okhla",3600000,6666.666666666667
992,450.0,1,1.0,"Batla House, Okhla",1700000,3777.777777777778
993,900.0,2,2.0,"Sukhdev Vihar, Okhla",11000000,12222.222222222223
994,2500.0,4,4.0,"Sukhdev Vihar, Okhla",75000000,30000.0
995,979.5149,2,2.0,"Godrej South Estate, Okhla Phase 1",24800000,25318.655183295323
996,945.0,2,2.0,"Godrej South Estate, Okhla Phase 1",24900000,26349.20634920635
997,976.0,2,2.0,"Godrej South Estate, Okhla Phase 1",24900000,25512.29508196721
998,1531.0,2,2.0,"Godrej South Estate, Okhla",25900000,16917.047681254084
999,1000.0,2,2.0,"Sukhdev Vihar, Okhla",11700000,11700.0
1000,750.0,3,2.0,"Sukhdev Vihar, Okhla",13500000,18000.0
1001,900.0,3,2.0,"Abul Fazal Enclave Part-II, Okhla",5500000,6111.111111111111
1002,1512.0,2,2.0,"Godrej South Estate, Okhla",30000000,19841.26984126984
1003,35.0,3,2.0,"Abul Fazal Enclave Part 1, Okhla",4950000,141428.57142857142
1004,1500.0,3,2.0,"Sukhdev Vihar, Okhla",16000000,10666.666666666666
1005,2907.0,4,4.0,"Sukhdev Vihar, Okhla",30000000,10319.917440660474
1006,2210.0,4,3.0,"Sukhdev Vihar, Okhla",41000000,18552.036199095022
1007,750.0,2,2.0,"Abul Fazal Enclave Part-II, Okhla",3800000,5066.666666666667
1008,2518.7526,4,5.0,"Godrej South Estate, Okhla Phase 1",68900000,27354.810472453708
1009,588.0,2,2.0,other,1800000,3061.2244897959185
1010,540.0,2,1.0,other,1500000,2777.777777777778
1011,1100.0,3,3.0,"Sukhdev Vihar, Okhla",12500000,11363.636363636364
1012,550.0,2,1.0,"Batla House, Okhla",1600000,2909.090909090909
1013,750.0,3,2.0,other,2400000,3200.0
1014,1260.0,3,2.0,"Abul Fazal Enclave Part 1, Okhla",7000000,5555.555555555556
1015,675.0,2,2.0,"Abul Fazal Enclave Part-II, Okhla",3100000,4592.592592592592
1016,810.0,2,2.0,"Sukhdev Vihar, Okhla",14500000,17901.234567901236
1017,3150.0,4,5.0,"Sukhdev Vihar, Okhla",61500000,19523.809523809523
1018,2000.0,4,4.0,"Sukhdev Vihar, Okhla",27500000,13750.0
1019,1775.0,3,3.0,"The Amaryllis, Karol Bagh",25500000,14366.197183098591
1020,1135.0,3,3.0,"The Amaryllis, Karol Bagh",25000000,22026.431718061674
1021,1252.0,2,2.0,"The Amaryllis, Karol Bagh",18500000,14776.357827476038
1022,2000.0,4,4.0,"The Amaryllis, Karol Bagh",39700000,19850.0
1023,530.0,4,1.0,"Dev Nagar, Karol Bagh",6800000,12830.188679245282
1024,1332.0,3,2.0,other,6540000,4909.90990990991
1025,1017.0,3,3.0,"The Amaryllis, Karol Bagh",22000000,21632.251720747296
1026,1775.0,3,3.0,"The Amaryllis, Karol Bagh",25500000,14366.197183098591
1027,987.0,2,2.0,"The Amaryllis, Karol Bagh",17000000,17223.910840932116
1028,1912.0,3,3.0,"The Amaryllis, Karol Bagh",27500000,14382.845188284518
1029,5236.0,5,7.0,"The Amaryllis, Karol Bagh",73700000,14075.63025210084
1030,2805.0,4,4.0,"The Amaryllis, Karol Bagh",52300000,18645.276292335115
1031,1500.0,3,3.0,other,16000000,10666.666666666666
1032,1280.0,3,3.0,Karol Bagh,15000000,11718.75
1033,1775.0,3,3.0,"The Amaryllis, Karol Bagh",25500000,14366.197183098591
1034,675.0,2,2.0,Karol Bagh,10000000,14814.814814814816
1035,576.0,2,2.0,other,5000000,8680.555555555555
1036,1206.0,3,3.0,Karol Bagh,20000000,16583.74792703151
1037,1143.0,2,2.0,other,16000000,13998.25021872266
1038,345.0,1,1.0,Karol Bagh,5500000,15942.028985507246
1039,720.0,2,1.0,"Dev Nagar, Karol Bagh",7000000,9722.222222222223
1040,468.0,2,2.0,Karol Bagh,4100000,8760.68376068376
1041,1600.0,3,3.0,other,24000000,15000.0
1042,950.0,2,2.0,other,12500000,13157.894736842105
1043,535.0,2,1.0,"Dev Nagar, Karol Bagh",3900000,7289.719626168225
1044,1200.0,3,2.0,Karol Bagh,14500000,12083.333333333334
1045,1501.0,3,2.0,"The Amaryllis, Karol Bagh",20000000,13324.450366422385
1046,1135.0,3,3.0,"The Amaryllis, Karol Bagh",24500000,21585.90308370044
1047,1200.0,3,2.0,"The Amaryllis, Karol Bagh",20900000,17416.666666666668
1048,2200.0,3,3.0,"The Amaryllis, Karol Bagh",43100000,19590.909090909092
1049,1240.0,3,3.0,other,18000000,14516.129032258064
1050,3002.0,4,5.0,"DLF Capital Greens, New Moti Nagar, Kirti Nagar",50000000,16655.562958027982
1051,1350.0,3,2.0,"New Moti Nagar, Kirti Nagar",18500000,13703.703703703704
1052,2300.0,4,5.0,"New Moti Nagar, Kirti Nagar",46500000,20217.391304347828
1053,1429.0,3,3.0,"New Moti Nagar, Kirti Nagar",17500000,12246.326102169349
1054,2430.0,4,5.0,"New Moti Nagar, Kirti Nagar",42500000,17489.711934156378
1055,1450.0,3,3.0,"DLF Capital Greens, New Moti Nagar, Kirti Nagar",15500000,10689.655172413793
1056,1250.0,2,2.0,"DLF Capital Greens, New Moti Nagar, Kirti Nagar",15000000,12000.0
1057,2800.0,4,4.0,"DLF Capital Greens, New Moti Nagar, Kirti Nagar",40000000,14285.714285714286
1058,1646.0,3,3.0,"DLF Capital Greens, New Moti Nagar, Kirti Nagar",20000000,12150.668286755772
1059,900.0,2,2.0,"New Moti Nagar, Kirti Nagar",6700000,7444.444444444444
1060,1250.0,3,2.0,"DLF Capital Greens, New Moti Nagar, Kirti Nagar",16000000,12800.0
1061,900.0,3,2.0,"New Moti Nagar, Kirti Nagar",8000000,8888.888888888889
1062,1590.0,3,2.0,"DLF Capital Greens, New Moti Nagar, Kirti Nagar",25000000,15723.270440251572
1063,990.0,3,2.0,"New Moti Nagar, Kirti Nagar",25000000,25252.52525252525
1064,2282.0,4,5.0,"DLF Capital Greens, New Moti Nagar, Kirti Nagar",37500000,16432.953549517966
1065,1260.0,3,3.0,"DLF Capital Greens, New Moti Nagar, Kirti Nagar",25000000,19841.26984126984
1066,1457.0,3,3.0,"New Moti Nagar, Kirti Nagar",23000000,15785.861358956761
1067,1400.0,3,2.0,"New Moti Nagar, Kirti Nagar",17500000,12500.0
1068,2175.0,4,4.0,other,44000000,20229.885057471263
1069,1450.0,3,3.0,"DLF Capital Greens, New Moti Nagar, Kirti Nagar",15000000,10344.827586206897
1070,2800.0,4,5.0,"DLF Capital Greens, New Moti Nagar, Kirti Nagar",42500000,15178.57142857143
1071,861.112,2,2.0,"New Moti Nagar, Kirti Nagar",5000000,5806.44561915291
1072,2282.0,4,5.0,"DLF Capital Greens, New Moti Nagar, Kirti Nagar",38000000,16652.059596844872
1073,1753.0,3,3.0,"DLF Capital Greens, New Moti Nagar, Kirti Nagar",19000000,10838.562464346835
1074,2659.0,4,5.0,"New Moti Nagar, Kirti Nagar",43500000,16359.533659270402
1075,1550.0,3,2.0,"New Moti Nagar, Kirti Nagar",19500000,12580.645161290322
1076,1470.0,3,2.0,"DLF Capital Greens, New Moti Nagar, Kirti Nagar",14200000,9659.86394557823
1077,702.0,3,2.0,"New Moti Nagar, Kirti Nagar",14200000,20227.92022792023
1078,1138.0,2,2.0,"New Moti Nagar, Kirti Nagar",13500000,11862.917398945518
1079,1600.0,3,3.0,Sheikh Sarai Phase 1,21000000,13125.0
1080,1600.0,3,3.0,Sheikh Sarai Phase 1,22500000,14062.5
1081,1250.0,2,4.0,other,19000000,15200.0
1082,810.0,3,2.0,other,7500000,9259.25925925926
1083,585.0,2,2.0,"Savitri Nagar Village, Sheikh Sarai",4000000,6837.606837606838
1084,1700.0,3,3.0,"Savitri Nagar Village, Sheikh Sarai",8000000,4705.882352941177
1085,1800.0,3,4.0,Sheikh Sarai Phase 1,19000000,10555.555555555555
1086,600.0,1,1.0,other,7000000,11666.666666666666
1087,1250.0,3,3.0,"Panchsheel Vihar, Sheikh Sarai",5800000,4640.0
1088,600.0,3,2.0,"Savitri Nagar Village, Sheikh Sarai",8000000,13333.333333333334
1089,1600.0,3,4.0,Sheikh Sarai Phase 1,18800000,11750.0
1090,1100.0,3,2.0,"Panchsheel Vihar, Sheikh Sarai",6000000,5454.545454545455
1091,450.0,1,1.0,"Panchsheel Vihar, Sheikh Sarai",2200000,4888.888888888889
1092,855.0,3,2.0,"Savitri Nagar Village, Sheikh Sarai",6500000,7602.339181286549
1093,1291.668,3,2.0,Sheikh Sarai Phase 1,23500000,18193.529606679116
1094,1300.0,2,2.0,Sheikh Sarai Phase 1,16000000,12307.692307692309
1095,1350.0,3,3.0,Sheikh Sarai Phase 1,20000000,14814.814814814816
1096,900.0,2,2.0,Sheikh Sarai Phase 1,5500000,6111.111111111111
1097,850.0,2,2.0,Sheikh Sarai Phase 1,13500000,15882.35294117647
1098,1650.0,3,3.0,Sheikh Sarai Phase 1,22500000,13636.363636363636
1099,650.0,2,2.0,"Panchsheel Vihar, Sheikh Sarai",3800000,5846.153846153846
1100,630.0,2,2.0,other,4600000,7301.587301587301
1101,1250.0,2,1.0,Sheikh Sarai Phase 1,17500000,14000.0
1102,1800.0,4,3.0,"Panchsheel Vihar, Sheikh Sarai",5500000,3055.5555555555557
1103,1500.0,3,3.0,Sheikh Sarai Phase 1,22500000,15000.0
1104,1100.0,2,2.0,Sheikh Sarai Phase 1,12500000,11363.636363636364
1105,1400.0,3,2.0,Sheikh Sarai Phase 1,19000000,13571.42857142857
1106,1300.0,2,2.0,Sheikh Sarai Phase 1,15500000,11923.076923076924
1107,1100.0,2,2.0,Sheikh Sarai Phase 1,13500000,12272.727272727272
1108,1600.0,3,3.0,Sheikh Sarai Phase 1,21000000,13125.0
1109,2250.0,4,4.0,other,50000000,22222.222222222223
1110,2592.0,4,3.0,Punjabi Bagh,42500000,16396.604938271605
1111,1800.0,4,4.0,Punjabi Bagh West,45500000,25277.777777777777
1112,1700.0,3,3.0,Punjabi Bagh,23000000,13529.411764705883
1113,1640.0,3,3.0,Punjabi Bagh West,12000000,7317.073170731707
1114,2572.0,3,3.0,Punjabi Bagh West,35000000,13608.087091757387
1115,2100.0,3,3.0,other,25000000,11904.761904761905
1116,1620.0,3,3.0,"Punjabi Bagh Extension, Punjabi Bagh",29000000,17901.234567901236
1117,2500.0,4,4.0,Punjabi Bagh West,80000000,32000.0
1118,2250.0,3,3.0,Punjabi Bagh West,20500000,9111.111111111111
1119,2445.0,4,4.0,other,52500000,21472.39263803681
1120,2250.0,4,4.0,Punjabi Bagh,37500000,16666.666666666668
1121,800.0,2,2.0,other,7500000,9375.0
1122,1450.0,3,3.0,other,32500000,22413.793103448275
1123,1440.0,3,3.0,"Punjabi Bagh Extension, Punjabi Bagh",24500000,17013.88888888889
1124,5220.0,5,5.0,Punjabi Bagh West,65000000,12452.107279693486
1125,1800.0,3,3.0,Punjabi Bagh,27500000,15277.777777777777
1126,4455.0,5,5.0,Punjabi Bagh West,115000000,25813.692480359146
1127,195.0,3,3.0,"Punjabi Bagh Extension, Punjabi Bagh",28000000,143589.7435897436
1128,807.2925,2,1.0,"Punjabi Bagh Extension, Punjabi Bagh",8000000,9909.667190020966
1129,3500.0,4,4.0,Punjabi Bagh West,75100000,21457.14285714286
1130,1000.0,2,2.0,other,7800000,7800.0
1131,900.0,2,2.0,other,15000000,16666.666666666668
1132,1800.0,3,3.0,Punjabi Bagh East,27500000,15277.777777777777
1133,17010.0,3,3.0,Punjabi Bagh West,25000000,1469.7236919459142
1134,2340.0,4,4.0,Punjabi Bagh East,26000000,11111.111111111111
1135,1350.0,3,3.0,Punjabi Bagh East,23500000,17407.40740740741
1136,464.0,3,1.0,other,4200000,9051.724137931034
1137,954.0,2,2.0,Punjabi Bagh East,10000000,10482.180293501047
1138,1155.0,2,2.0,other,18500000,16017.316017316018
1139,700.0,2,2.0,Alaknanda,16500000,23571.428571428572
1140,980.0,2,2.0,"Shivalik Apartments, Alaknanda",13800000,14081.632653061224
1141,1350.0,3,3.0,"Narmada Apartment, Alaknanda",21000000,15555.555555555555
1142,1800.0,3,3.0,other,22500000,12500.0
1143,968.751,2,2.0,"Aravali Apartments, Alaknanda",15000000,15483.854984407759
1144,1250.0,3,3.0,"Narmada Apartment, Alaknanda",20000000,16000.0
1145,1800.0,3,3.0,"Aravali Apartments, Alaknanda",20000000,11111.111111111111
1146,1400.0,3,2.0,"Shivalik Apartments, Alaknanda",26000000,18571.428571428572
1147,1000.0,3,3.0,"Narmada Apartment, Alaknanda",19500000,19500.0
1148,1800.0,4,2.0,other,21500000,11944.444444444445
1149,1500.0,3,3.0,Alaknanda,26500000,17666.666666666668
1150,1600.0,3,3.0,"Narmada Apartment, Alaknanda",20000000,12500.0
1151,1400.0,3,3.0,other,18000000,12857.142857142857
1152,1400.0,3,2.0,Alaknanda,19000000,13571.42857142857
1153,2700.0,4,4.0,other,36500000,13518.518518518518
1154,1100.0,2,2.0,Alaknanda,15000000,13636.363636363636
1155,1200.0,2,2.0,Alaknanda,17500000,14583.333333333334
1156,1400.0,2,2.0,Alaknanda,14000000,10000.0
1157,1500.0,3,3.0,other,21000000,14000.0
1158,1320.0,3,2.0,Alaknanda,15600000,11818.181818181818
1159,1300.0,3,3.0,other,19000000,14615.384615384615
1160,1150.0,2,2.0,"Narmada Apartment, Alaknanda",16500000,14347.826086956522
1161,1440.0,3,3.0,Alaknanda,19000000,13194.444444444445
1162,1400.0,2,2.0,"Nilgiri Apartment, Alaknanda",16500000,11785.714285714286
1163,450.0,1,1.0,Alaknanda,3000000,6666.666666666667
1164,1300.0,2,2.0,other,15000000,11538.461538461539
1165,1200.0,2,2.0,"Nilgiri Apartment, Alaknanda",14300000,11916.666666666666
1166,1300.0,3,2.0,"Nilgiri Apartment, Alaknanda",18500000,14230.76923076923
1167,1400.0,3,3.0,other,19000000,13571.42857142857
1168,1400.0,3,3.0,Alaknanda,19000000,13571.42857142857
1169,500.0,2,2.0,"Govindpuri Extension, Kalkaji",3300000,6600.0
1170,700.0,2,2.0,"Govindpuri Extension, Kalkaji",3800000,5428.571428571428
1171,900.0,3,3.0,"Govindpuri Extension, Kalkaji",7000000,7777.777777777777
1172,1260.0,3,3.0,Kalkaji,16500000,13095.238095238095
1173,950.0,3,2.0,"Govindpuri Extension, Kalkaji",8000000,8421.052631578947
1174,405.0,1,1.0,other,5600000,13827.160493827161
1175,1800.0,2,2.0,Kalkaji,21000000,11666.666666666666
1176,1300.0,3,3.0,Kalkaji,21000000,16153.846153846154
1177,1000.0,3,3.0,"Govindpuri Extension, Kalkaji",8600000,8600.0
1178,900.0,3,2.0,other,6600000,7333.333333333333
1179,1800.0,3,3.0,"Govindpuri Extension, Kalkaji",14000000,7777.777777777777
1180,720.0,2,2.0,"Govindpuri Extension, Kalkaji",4700000,6527.777777777777
1181,1485.0,3,3.0,other,30000000,20202.0202020202
1182,1600.0,3,3.0,Kalkaji,26000000,16250.0
1183,1200.0,2,2.0,"Deshbandhu Apartments, Kalkaji",18500000,15416.666666666666
1184,900.0,2,2.0,other,6500000,7222.222222222223
1185,900.0,2,2.0,Kalkaji,15000000,16666.666666666668
1186,800.0,2,2.0,other,8000000,10000.0
1187,1150.0,2,3.0,"Deshbandhu Apartments, Kalkaji",16100000,14000.0
1188,900.0,3,3.0,"Govindpuri Extension, Kalkaji",6800000,7555.555555555556
1189,1070.0,3,2.0,Kalkaji Extention,6800000,6355.140186915888
1190,1050.0,2,2.0,Kalkaji Extention,9000000,8571.42857142857
1191,1000.0,2,2.0,other,18000000,18000.0
1192,1550.0,3,3.0,other,27500000,17741.935483870966
1193,1300.0,3,2.0,other,13500000,10384.615384615385
1194,810.0,2,2.0,Kalkaji,14000000,17283.95061728395
1195,900.0,2,2.0,Kalkaji,9000000,10000.0
1196,1200.0,2,2.0,"Deshbandhu Apartments, Kalkaji",16000000,13333.333333333334
1197,1000.0,2,3.0,Kalkaji Extention,11000000,11000.0
1198,720.0,2,2.0,"Govindpuri Extension, Kalkaji",5500000,7638.888888888889
1199,2520.0,3,3.0,Hauz Khas,47500000,18849.20634920635
1200,1700.0,3,4.0,Hauz Khas,45000000,26470.58823529412
1201,1800.0,3,3.0,Hauz Khas,43500000,24166.666666666668
1202,6000.0,5,5.0,other,180000000,30000.0
1203,1800.0,4,4.0,Hauz Khas,80000000,44444.444444444445
1204,2000.0,3,3.0,other,37500000,18750.0
1205,2066.0,4,4.0,Hauz Khas,60000000,29041.62633107454
1206,2050.0,3,3.0,"Hauz Khas Enclave, Hauz Khas",71000000,34634.14634146341
1207,1100.0,3,3.0,"Safdarjung Development Area, Hauz Khas",18500000,16818.18181818182
1208,4500.0,4,4.0,Hauz Khas,70000000,15555.555555555555
1209,4500.0,4,5.0,"Hauz Khas Enclave, Hauz Khas",85000000,18888.88888888889
1210,6500.0,4,5.0,other,190000000,29230.76923076923
1211,4350.0,4,6.0,other,135000000,31034.48275862069
1212,1750.0,3,3.0,Hauz Khas,35000000,20000.0
1213,3600.0,4,4.0,"Safdarjung Development Area, Hauz Khas",65000000,18055.555555555555
1214,1200.0,2,2.0,"Hauz Khas Enclave, Hauz Khas",27500000,22916.666666666668
1215,1500.0,3,4.0,Hauz Khas,45000000,30000.0
1216,2250.0,4,4.0,"Hauz Khas Enclave, Hauz Khas",100000000,44444.444444444445
1217,1800.0,3,4.0,Hauz Khas,47000000,26111.11111111111
1218,1600.0,3,4.0,Hauz Khas,27500000,17187.5
1219,2800.0,4,5.0,Hauz Khas,70000000,25000.0
1220,1700.0,3,3.0,other,36500000,21470.58823529412
1221,2400.0,4,5.0,"Hauz Khas Enclave, Hauz Khas",65000000,27083.333333333332
1222,1980.0,3,4.0,other,35000000,17676.76767676768
1223,2100.0,4,5.0,"Hauz Khas Enclave, Hauz Khas",56000000,26666.666666666668
1224,5400.0,4,4.0,"Hauz Khas Enclave, Hauz Khas",110000000,20370.37037037037
1225,1250.0,3,3.0,"Safdarjung Development Area, Hauz Khas",24000000,19200.0
1226,2300.0,4,4.0,Hauz Khas,102500000,44565.217391304344
1227,2700.0,4,4.0,"Hauz Khas Enclave, Hauz Khas",100000000,37037.03703703704
1228,1450.0,3,3.0,"Safdarjung Development Area, Hauz Khas",45000000,31034.48275862069
1229,2097.0,3,3.0,Chittaranjan Park,29000000,13829.279923700524
1230,1250.0,3,3.0,other,25500000,20400.0
1231,1600.0,3,3.0,Chittaranjan Park,33500000,20937.5
1232,2600.0,4,5.0,Chittaranjan Park,62500000,24038.46153846154
1233,1700.0,3,3.0,Chittaranjan Park,47500000,27941.176470588234
1234,1116.0,3,3.0,Chittaranjan Park,14700000,13172.043010752688
1235,1070.0,2,3.0,Chittaranjan Park,18000000,16822.429906542056
1236,1200.0,3,3.0,Chittaranjan Park,22500000,18750.0
1237,1200.0,3,3.0,Chittaranjan Park,22000000,18333.333333333332
1238,1200.0,3,3.0,other,22200000,18500.0
1239,1450.0,3,3.0,Chittaranjan Park,22500000,15517.241379310344
1240,1000.0,2,2.0,Chittaranjan Park,7500000,7500.0
1241,2430.0,4,4.0,other,30000000,12345.67901234568
1242,945.0,2,1.0,Chittaranjan Park,6500000,6878.306878306878
1243,1650.0,3,3.0,Chittaranjan Park,35000000,21212.121212121212
1244,1350.0,3,2.0,other,17500000,12962.962962962964
1245,2625.0,4,5.0,Chittaranjan Park,60000000,22857.14285714286
1246,1800.0,4,4.0,Chittaranjan Park,40000000,22222.222222222223
1247,125.0,3,3.0,Chittaranjan Park,11500000,92000.0
1248,1440.0,3,3.0,Chittaranjan Park,22500000,15625.0
1249,1900.0,3,4.0,Chittaranjan Park,28500000,15000.0
1250,1800.0,3,3.0,Chittaranjan Park,29000000,16111.111111111111
1251,1200.0,3,2.0,Chittaranjan Park,15500000,12916.666666666666
1252,1800.0,3,3.0,other,26000000,14444.444444444445
1253,1200.0,3,3.0,Chittaranjan Park,16500000,13750.0
1254,4118.0,4,5.0,Chittaranjan Park,55000000,13355.998057309373
1255,1050.0,3,2.0,Chittaranjan Park,12500000,11904.761904761905
1256,875.0,3,3.0,Chittaranjan Park,17500000,20000.0
1257,990.0,2,2.0,other,11500000,11616.161616161617
1258,11050.0,3,3.0,Chittaranjan Park,18500000,1674.20814479638
